Name;spectrum_20140711_1722139.csv;spectrum_20140711_1722141.csv;spectrum_20140711_1722159.csv;spectrum_20140711_1722161.csv;spectrum_20140711_1722178.csv
Time;20140711_1722139;20140711_1722141;20140711_1722159;20140711_1722161;20140711_1722178
IT;90374;90374;90374;90374;90374
337.39;0.0;0.0;0.0;0.0;0.0
337.85;0.0;0.0;0.0;0.0;0.0
338.3;0.0;0.0;0.0;0.0;0.0
338.76;0.0;0.0;0.0;0.0;0.0
339.21;0.36206794;0.07063918;0.056701254;0.042066287;0.072293445
339.66;0.35802257;0.054452017;0.056171216;0.04862822;0.05928388
340.12;0.38232264;0.052609947;0.091676876;0.08856852;0.0664294
340.57;0.40248287;0.1021495;0.12107827;0.06728988;0.102616794
341.03;0.35723045;0.054185748;0.08733194;0.054272745;0.060444813
341.48;0.38168165;0.10314576;0.070769854;0.08342118;0.09761568
341.94;0.45476818;0.117749766;0.10755122;0.10861279;0.11778363
342.39;0.37754053;0.07792711;0.08331952;0.08410952;0.06645357
342.84;0.43787107;0.11516125;0.1329543;0.10511289;0.113433704
343.3;0.38625568;0.07287528;0.086677395;0.059399903;0.085015506
343.75;0.40489888;0.09924229;0.093404144;0.06985128;0.10619518
344.21;0.42801705;0.07436752;0.07546214;0.073630504;0.057921898
344.66;0.3460672;0.07486453;0.052290138;0.06913549;0.051453814
345.12;0.40134037;0.090925165;0.1122222;0.10959496;0.11169954
345.57;0.3134703;0.052174337;0.042993844;0.059375502;0.06288417
346.02;0.35040238;0.08362927;0.09198113;0.06296016;0.08861966
346.48;0.3521869;0.04448446;0.060806476;0.042744465;0.044307776
346.93;0.39641103;0.08384567;0.0781743;0.09821953;0.09435216
347.39;0.37859902;0.092718095;0.11719183;0.10493417;0.092923455
347.84;0.32556453;0.049446464;0.04985937;0.04826777;0.049275126
348.3;0.24849705;-0.009619356;-0.009671881;-0.0053690653;-0.0053690653
348.75;0.3146009;0.078904025;0.07487371;0.06458189;0.07890477
349.21;0.3312305;0.08798683;0.08797173;0.06254382;0.08797173
349.66;0.32947776;0.06684208;0.07085057;0.06831926;0.05468637
350.12;0.35759822;0.09166219;0.095655434;0.085884616;0.09211621
350.57;0.35973746;0.0809478;0.084846064;0.08786556;0.08877308
351.03;0.3326046;0.06584023;0.042623434;0.05018631;0.05046667
351.48;0.34772065;0.08422348;0.08463942;0.08330034;0.09543628
351.94;0.34040427;0.07690928;0.0765394;0.06883728;0.08359844
352.39;0.36883995;0.08782402;0.084157005;0.08285104;0.09540478
352.85;0.3954328;0.0926221;0.09707231;0.10016536;0.10805653
353.3;0.3548499;0.080627754;0.090723015;0.07792037;0.07631516
353.76;0.37487823;0.08566064;0.0930348;0.087631196;0.0760948
354.21;0.31957486;0.043189187;0.052392017;0.032729663;0.056085825
354.67;0.3550785;0.074716054;0.07511831;0.07307831;0.077843145
355.12;0.34025034;0.041023705;0.049681135;0.046787433;0.050315373
355.58;0.37898943;0.09996589;0.08828177;0.10299368;0.10065589
356.03;0.3862007;0.09328321;0.11031465;0.108751185;0.105161235
356.49;0.4003944;0.10118962;0.11833379;0.10146177;0.092367716
356.94;0.39582574;0.07323384;0.09853022;0.09411709;0.0938274
357.4;0.36968762;0.0936394;0.08175417;0.08488542;0.08881923
357.85;0.34810674;0.08697731;0.08172424;0.08383291;0.08783143
358.31;0.34166357;0.07459984;0.074242145;0.05436503;0.077317186
358.76;0.33467248;0.08486973;0.08227698;0.073028244;0.0817116
359.22;0.3514803;0.08401494;0.08633538;0.0830737;0.08040056
359.68;0.3386972;0.076134;0.06710243;0.063609116;0.068237595
360.13;0.35672358;0.087487884;0.08626617;0.094455324;0.09168587
360.59;0.3609469;0.08825241;0.096228085;0.08135935;0.09148368
361.04;0.38066614;0.09064686;0.09330464;0.088085786;0.08439843
361.5;0.36220583;0.07094218;0.07188537;0.07422926;0.08319574
361.95;0.3536527;0.08822302;0.075538054;0.082431346;0.08013346
362.41;0.34053886;0.07303385;0.06943623;0.07691805;0.08044168
362.86;0.33889157;0.082278326;0.07939424;0.08702616;0.0898746
363.32;0.37202471;0.095844835;0.09223144;0.09234521;0.0944199
363.78;0.362287;0.090277866;0.09122951;0.075523004;0.09520971
364.23;0.33897662;0.09111028;0.086083755;0.08525597;0.077097766
364.69;0.3409769;0.07771256;0.08679542;0.08185785;0.07500795
365.14;0.31777123;0.06516026;0.06656955;0.07054553;0.07765954
365.6;0.31142613;0.066540174;0.067665406;0.069845036;0.07211258
366.06;0.27669403;0.037252888;0.033772204;0.027770089;0.034555517
366.51;0.3455398;0.0853216;0.08576227;0.087629184;0.08482816
366.97;0.33459863;0.07960266;0.079327285;0.07795834;0.084711954
367.42;0.3417083;0.0828883;0.08341447;0.08294648;0.08398172
367.88;0.3493174;0.08204482;0.08543917;0.08259112;0.08443647
368.34;0.31574434;0.05552829;0.061843164;0.05836418;0.059874136
368.79;0.33970147;0.077025115;0.084062;0.0743878;0.07544618
369.25;0.3381937;0.080263056;0.07632435;0.08059173;0.07687048
369.71;0.34701866;0.08050386;0.08236812;0.08655807;0.08672366
370.16;0.34082553;0.07178412;0.063892566;0.07530148;0.07735714
370.62;0.34505168;0.07876962;0.080116436;0.074545965;0.07695477
371.07;0.35548156;0.07854515;0.08495932;0.077292256;0.078282245
371.53;0.38713816;0.0943863;0.090444066;0.08678356;0.09416808
371.99;0.38487288;0.08644015;0.082199745;0.08831698;0.093252726
372.44;0.37610996;0.085329995;0.088984236;0.087166354;0.091225624
372.9;0.37529424;0.08461681;0.08858798;0.084485;0.09044935
373.36;0.3691681;0.08205466;0.08648764;0.08044889;0.0804927
373.81;0.3621804;0.08802344;0.08424806;0.08440469;0.08719252
374.27;0.34402543;0.074525446;0.07363588;0.0821574;0.085332975
374.73;0.33252865;0.07034709;0.070974916;0.06973862;0.07240896
375.18;0.3260874;0.07203791;0.078123026;0.07083082;0.07999333
375.64;0.31735393;0.07353024;0.076690346;0.077549085;0.07072129
376.1;0.32125816;0.07699597;0.0658511;0.07306911;0.068852015
376.55;0.32017365;0.07596509;0.06810509;0.068201415;0.074032314
377.01;0.34610176;0.07588862;0.07764354;0.0776699;0.08268973
377.47;0.34949625;0.073820285;0.07601765;0.07581837;0.07450691
377.92;0.36568865;0.08205447;0.08036618;0.082734846;0.07998902
378.38;0.3716802;0.08290989;0.08567351;0.083823;0.08614477
378.84;0.39033622;0.08638622;0.08239788;0.08282273;0.08844601
379.29;0.38948748;0.07901701;0.08487345;0.08407962;0.086812854
379.75;0.40648058;0.08309155;0.087598495;0.08278487;0.08795165
380.21;0.41353056;0.09107053;0.09021484;0.09258689;0.093086086
380.67;0.41617915;0.08671939;0.08613209;0.09243111;0.09306996
381.12;0.41149879;0.07821605;0.07730852;0.08061814;0.08230391
381.58;0.432955;0.08490644;0.092773154;0.085879296;0.0890766
382.04;0.45294437;0.09383523;0.09775848;0.09437452;0.09638588
382.49;0.44355944;0.098787576;0.09999103;0.09781292;0.09935363
382.95;0.41912842;0.08826252;0.08281868;0.08553295;0.090567276
383.41;0.39244246;0.08176604;0.081463754;0.084652945;0.08469357
383.87;0.36617053;0.07519706;0.075328305;0.08333625;0.08133871
384.32;0.35114807;0.0741664;0.07079297;0.073670074;0.074632786
384.78;0.34442964;0.06468041;0.061125178;0.06818795;0.06468661
385.24;0.3617373;0.07137029;0.07181767;0.077307224;0.07272505
385.7;0.36951762;0.07343139;0.06963852;0.07499793;0.07241711
386.15;0.38605905;0.077574216;0.075013645;0.07916827;0.07745121
386.61;0.38824546;0.07330071;0.07147874;0.06907453;0.07467606
387.07;0.39148176;0.070631236;0.07079874;0.0733943;0.07435197
387.53;0.3888439;0.07090186;0.07292994;0.07114705;0.072364695
387.98;0.38255122;0.06590083;0.06819744;0.06796112;0.072965175
388.44;0.37091452;0.06407507;0.06785559;0.068505496;0.0721691
388.9;0.3585774;0.06622202;0.06679408;0.06866628;0.06661641
389.36;0.35766074;0.0619711;0.06120502;0.06418232;0.06671217
389.82;0.3516387;0.06080313;0.06256767;0.061958767;0.06598969
390.27;0.36650777;0.06379477;0.06530639;0.06472115;0.06720005
390.73;0.38231698;0.06341792;0.06370655;0.06569413;0.06886279
391.19;0.40494248;0.06642696;0.06330866;0.066042334;0.07028716
391.65;0.45016637;0.07614356;0.07728438;0.07797706;0.08095798
392.1;0.4602439;0.073629454;0.08026555;0.079376526;0.07867163
392.56;0.45395464;0.07428198;0.075165235;0.075680226;0.076906994
393.02;0.4396272;0.07539939;0.07321208;0.07409564;0.07778585
393.48;0.40211958;0.06584327;0.066964366;0.06854536;0.06979405
393.94;0.3631131;0.060747962;0.061866958;0.0654994;0.0633516
394.4;0.33853948;0.05463668;0.055577308;0.057903733;0.055864096
394.85;0.34051055;0.05450148;0.055489335;0.053860914;0.053893086
395.31;0.36026004;0.057054423;0.056360662;0.05751029;0.05717585
395.77;0.39363348;0.06279942;0.063554764;0.06566105;0.06598715
396.23;0.3998414;0.06471533;0.06516893;0.065174654;0.06687934
396.69;0.3964252;0.061508104;0.061439004;0.0623145;0.061312087
397.14;0.3770908;0.059174206;0.06035949;0.061368972;0.060151715
397.6;0.34389398;0.054518715;0.0535335;0.053463444;0.055463444
398.06;0.31332505;0.04599493;0.046384927;0.045516048;0.047184315
398.52;0.3095234;0.04348646;0.045977436;0.04623393;0.045485687
398.98;0.3316042;0.047591373;0.048480067;0.05050249;0.04903273
399.44;0.34850457;0.050870474;0.05126468;0.051644698;0.052514162
399.9;0.37359798;0.05464262;0.05539232;0.054723084;0.056305677
400.35;0.37815964;0.052276537;0.053270597;0.054496203;0.05473125
400.81;0.389232;0.051695444;0.05373237;0.055101283;0.054063104
401.27;0.39872167;0.055280108;0.056208342;0.05721709;0.056888696
401.73;0.39164162;0.053458035;0.05488389;0.054467633;0.056610875
402.19;0.3847471;0.051446356;0.053417984;0.05285061;0.05518351
402.65;0.38528407;0.05149126;0.053082384;0.05331394;0.05443612
403.11;0.39755067;0.053668372;0.053474784;0.05539334;0.054573007
403.57;0.39131334;0.051888093;0.051491566;0.05244048;0.051986907
404.02;0.39116377;0.051073696;0.051244922;0.049923092;0.051873673
404.48;0.39047894;0.049724013;0.049304668;0.048427034;0.051388208
404.94;0.38640514;0.047705498;0.047738384;0.04820784;0.049267665
405.4;0.3906531;0.047039073;0.04808927;0.048625667;0.048831563
405.86;0.38857737;0.046478122;0.04836717;0.04717932;0.048779193
406.32;0.39364323;0.045640174;0.048217088;0.04789107;0.04905602
406.78;0.39333868;0.044090692;0.044893168;0.04540524;0.046330668
407.24;0.38815966;0.04230296;0.0417275;0.04227273;0.042885687
407.7;0.3902858;0.04215554;0.04267576;0.042447705;0.043586086
408.16;0.3994178;0.042915914;0.043259412;0.043152567;0.04544835
408.61;0.4098993;0.04373128;0.04368269;0.043527022;0.045693584
409.07;0.40855938;0.0417251;0.043105748;0.04270139;0.042976897
409.53;0.40726444;0.040178444;0.042175747;0.04134825;0.041636053
409.99;0.4172153;0.04124334;0.04287716;0.041946217;0.042876087
410.45;0.4178823;0.040960405;0.041572824;0.041280445;0.04147352
410.91;0.4042301;0.038698863;0.038301524;0.038793933;0.0395105
411.37;0.4012597;0.036525212;0.037221033;0.037031963;0.038271803
411.83;0.40132168;0.036103;0.036553107;0.036639046;0.037298676
412.29;0.40298545;0.03609947;0.036910966;0.037517697;0.03810711
412.75;0.4028913;0.03576969;0.0364001;0.03680851;0.037878197
413.21;0.40916705;0.036474656;0.036026865;0.036482405;0.0373402
413.67;0.41744626;0.03702852;0.03692722;0.0368676;0.03782709
414.13;0.4047061;0.03329241;0.034375872;0.03398399;0.034514256
414.59;0.40395194;0.033025604;0.0337937;0.033926576;0.033772595
415.05;0.41590774;0.034631386;0.03514718;0.035508484;0.035874248
415.51;0.41106036;0.033305384;0.034082845;0.034135178;0.0344862
415.97;0.4200026;0.03338957;0.034473132;0.033514865;0.034955066
416.43;0.43405536;0.033682004;0.03469848;0.034227323;0.03521271
416.89;0.43507698;0.03385603;0.034528896;0.03440155;0.034641217
417.35;0.43883798;0.033165116;0.034209087;0.03411972;0.034721285
417.81;0.44762576;0.033793073;0.034272674;0.034512803;0.035078954
418.27;0.44624078;0.034117308;0.033561103;0.03405335;0.034485236
418.73;0.4505042;0.03421777;0.03420866;0.034562085;0.03479605
419.19;0.44737375;0.032283522;0.03332577;0.03327792;0.03367738
419.65;0.4374831;0.031092329;0.030853743;0.03174557;0.03192425
420.11;0.44546935;0.03156753;0.031782907;0.032205027;0.032796506
420.57;0.448394;0.032072052;0.032267474;0.032231677;0.03302145
421.03;0.443493;0.03084102;0.031624116;0.031912304;0.03225103
421.49;0.44697657;0.030506603;0.031720813;0.03172558;0.032129355
421.95;0.45302585;0.0319937;0.031172726;0.03171421;0.03242246
422.41;0.44182742;0.030827487;0.03044749;0.031654626;0.031819336
422.87;0.4540067;0.031280857;0.03132622;0.031527568;0.032303844
423.33;0.4429658;0.029966127;0.030076683;0.030235874;0.030895285
423.79;0.43498027;0.029222416;0.02994942;0.0300778;0.030856993
424.25;0.42522514;0.029138863;0.029167254;0.029394759;0.030384978
424.71;0.42205518;0.029094677;0.0288681;0.02951757;0.029776357
425.17;0.43555734;0.029431876;0.029658342;0.030148938;0.030391315
425.63;0.44404122;0.029642135;0.02990316;0.029805157;0.030480614
426.09;0.43663606;0.02937341;0.029308442;0.02938663;0.03025573
426.55;0.43229198;0.028150586;0.028703727;0.029089028;0.029640129
427.01;0.4447634;0.028428255;0.02907275;0.029283078;0.029663462
427.47;0.44371215;0.02851561;0.028999712;0.028713472;0.029462896
427.93;0.4396064;0.029000271;0.0293704;0.028811047;0.02986667
428.39;0.45912215;0.030508148;0.030439;0.03030579;0.031037139
428.85;0.47232682;0.030417804;0.030894427;0.030991804;0.03196478
429.32;0.4826629;0.030128112;0.031280857;0.030433316;0.0314711
429.78;0.47581682;0.030075125;0.030009579;0.029953156;0.031164423
430.24;0.4543234;0.02820906;0.028179428;0.028286597;0.029545978
430.7;0.4421153;0.027547665;0.027620241;0.027830731;0.02916304
431.16;0.42417163;0.025462668;0.02544647;0.026021093;0.026300207
431.62;0.4028571;0.02438747;0.024534898;0.024825417;0.024841504
432.08;0.40200916;0.025057392;0.025261788;0.025119498;0.025293548
432.54;0.41434407;0.025777332;0.025450645;0.025775371;0.026263585
433;0.43113977;0.026817532;0.026628189;0.027036736;0.027632613
433.46;0.43658254;0.02733846;0.027653672;0.02765779;0.028602427
433.93;0.43387055;0.02737173;0.027386108;0.027549725;0.028642297
434.39;0.42659488;0.026126023;0.026954565;0.026224423;0.026925333
434.85;0.42447612;0.02645536;0.026417349;0.02628633;0.02651884
435.31;0.41964835;0.025889672;0.025986465;0.02620037;0.026514033
435.77;0.4178704;0.02573862;0.025704589;0.026471954;0.02707502
436.23;0.42067906;0.026105033;0.025760934;0.026343428;0.027061284
436.69;0.43017858;0.026681151;0.026799565;0.026802078;0.027184583
437.15;0.45233345;0.027566692;0.027949335;0.027988082;0.028867008
437.62;0.45402068;0.027130822;0.027906504;0.02791093;0.028799202
438.08;0.45357853;0.027276726;0.028388616;0.027901005;0.028765267
438.54;0.45589104;0.027553856;0.028020954;0.028427748;0.028285423
439;0.4476257;0.027530355;0.027360758;0.027883135;0.028341172
439.46;0.4424032;0.025981212;0.026250243;0.025931502;0.02688046
439.92;0.4361449;0.02575353;0.02594318;0.026337115;0.026634935
440.39;0.44157448;0.026385244;0.026280211;0.026773531;0.026904201
440.85;0.44683063;0.026870158;0.027228763;0.02705717;0.027902137
441.31;0.4477358;0.026943654;0.027229767;0.027403597;0.02776189
441.77;0.44475466;0.026638296;0.02655273;0.02688383;0.027415682
442.23;0.44869244;0.026972316;0.027011162;0.027006341;0.028083183
442.69;0.45374915;0.027162135;0.027624905;0.0277445;0.0279559
443.16;0.45721087;0.027082536;0.027534692;0.027454294;0.028337058
443.62;0.45735162;0.02746997;0.027758747;0.027953599;0.028420229
444.08;0.45228767;0.027275657;0.027517771;0.027543759;0.02812614
444.54;0.45652026;0.027296606;0.027703814;0.028004099;0.028666133
445;0.45455417;0.027040027;0.027379038;0.02748912;0.028386055
445.47;0.45171088;0.027326189;0.027612425;0.027413966;0.02842296
445.93;0.44401726;0.026825901;0.027260512;0.027391411;0.027865255
446.39;0.440463;0.026523715;0.026427906;0.026617961;0.02747922
446.85;0.43576992;0.026258882;0.026580328;0.026655098;0.027226202
447.31;0.43674108;0.026070874;0.026571153;0.026488101;0.02675915
447.78;0.43686667;0.0262091;0.026750822;0.026475817;0.027563466
448.24;0.43165278;0.026225958;0.026475333;0.026789248;0.027612897
448.7;0.4378046;0.026207235;0.026636949;0.026581364;0.027265977
449.16;0.4401066;0.026656648;0.026976725;0.026975965;0.027779402
449.63;0.43687004;0.026104368;0.026584536;0.026769344;0.02723829
450.09;0.44727826;0.026949313;0.0273868;0.0274231;0.028046524
450.55;0.45021334;0.0274587;0.027705494;0.02766536;0.028359545
451.01;0.45892796;0.027600486;0.027996661;0.027996594;0.028681388
451.48;0.4723242;0.028476235;0.028641675;0.028629387;0.029396454
451.94;0.48182407;0.02897343;0.029412264;0.029307695;0.030295476
452.4;0.4814461;0.029568447;0.029487856;0.029762993;0.0307308
452.86;0.47704482;0.029288596;0.029244097;0.029364806;0.03044441
453.33;0.4731537;0.028780742;0.02927192;0.029223837;0.029786045
453.79;0.46534163;0.028371593;0.028591698;0.028777663;0.029554872
454.25;0.46171448;0.027958687;0.02826756;0.02810813;0.029089315
454.71;0.45388028;0.027583558;0.02784382;0.02767473;0.02816387
455.18;0.46129158;0.028327692;0.028387208;0.02839284;0.02872287
455.64;0.4610026;0.028040204;0.02825074;0.028370026;0.029191164
456.1;0.46116605;0.027618077;0.028081466;0.028156983;0.028891204
456.57;0.45498604;0.027041448;0.027574684;0.02773232;0.028360793
457.03;0.4609758;0.028386815;0.028449452;0.028625501;0.029001117
457.49;0.46922272;0.028901286;0.028543228;0.028538356;0.029202558
457.96;0.4631849;0.028128643;0.02824451;0.02838735;0.029210221
458.42;0.47480062;0.028770918;0.029137807;0.029323354;0.030142484
458.88;0.46643463;0.028577063;0.028748795;0.0286561;0.029633578
459.34;0.46581164;0.028359711;0.028547017;0.02876863;0.029290793
459.81;0.461787;0.027823534;0.027688852;0.028226098;0.02855798
460.27;0.45552513;0.027512133;0.027490243;0.028059782;0.028869374
460.73;0.4547983;0.027539682;0.02820713;0.027877148;0.028701913
461.2;0.4604463;0.028207352;0.028518612;0.028396169;0.02915958
461.66;0.4661173;0.028278843;0.028530633;0.028424487;0.0291002
462.12;0.4699904;0.028571714;0.028873485;0.028844265;0.029543525
462.59;0.47039548;0.028748374;0.02884497;0.028919518;0.029619657
463.05;0.48481455;0.029343065;0.029740144;0.029670341;0.030440839
463.51;0.49078453;0.029934313;0.03002272;0.029847218;0.030963434
463.98;0.48836908;0.029499218;0.02984601;0.029882913;0.030370235
464.44;0.49800998;0.0303605;0.030654294;0.03063613;0.031032395
464.9;0.51124245;0.0310444;0.031132534;0.031350587;0.032245647
465.37;0.50112593;0.030644532;0.030532952;0.030761877;0.03100538
465.83;0.5109068;0.031360112;0.031472288;0.031616446;0.031954568
466.3;0.5150346;0.030855881;0.03134534;0.03140044;0.032255415
466.76;0.5159645;0.03129192;0.031399716;0.031617906;0.032481503
467.22;0.51350063;0.030953487;0.03146547;0.031331703;0.032063976
467.69;0.52442336;0.03166719;0.032007493;0.032019433;0.032994375
468.15;0.5159853;0.031226907;0.03145136;0.03138121;0.032166272
468.61;0.5173483;0.03107431;0.031632584;0.03141858;0.03236853
469.08;0.5247852;0.03184802;0.031719226;0.03171596;0.03263892
469.54;0.5342022;0.03274459;0.032696977;0.032588635;0.033464085
470.01;0.53378785;0.032741185;0.032981697;0.032883942;0.03347613
470.47;0.5294214;0.032265127;0.03223143;0.032409664;0.03294702
470.93;0.5238896;0.031502586;0.031888515;0.031704478;0.03290744
471.4;0.51998776;0.03152328;0.03162151;0.031746708;0.032898605
471.86;0.5273711;0.03170752;0.032090373;0.032216627;0.032968722
472.33;0.5221047;0.031170906;0.031101877;0.03170238;0.03220709
472.79;0.5185132;0.031145262;0.031391364;0.031466685;0.032148734
473.26;0.53944665;0.032459266;0.033095904;0.03294979;0.03374001
473.72;0.52186865;0.031752136;0.03179691;0.03185368;0.032749742
474.18;0.52059263;0.031772487;0.031811524;0.031600516;0.032544002
474.65;0.52644384;0.031530216;0.03216738;0.031714167;0.03276534
475.11;0.52265406;0.03150114;0.031932976;0.031924713;0.03261657
475.58;0.5160576;0.030617481;0.030559756;0.030700965;0.031295385
476.04;0.5202884;0.031359263;0.03107465;0.031352606;0.03196232
476.51;0.5198869;0.031097028;0.03129734;0.031359132;0.03171758
476.97;0.5078439;0.030403009;0.030807756;0.030691816;0.031373512
477.43;0.50449723;0.030703945;0.030739013;0.030721879;0.031575147
477.9;0.5083784;0.030821102;0.031054195;0.031060012;0.031753056
478.36;0.5117631;0.030727534;0.031140815;0.031114934;0.032081243
478.83;0.5123226;0.031096434;0.03133087;0.031222863;0.031868737
479.29;0.5187097;0.03153037;0.03182419;0.031605825;0.03254504
479.76;0.51408476;0.031001432;0.03136301;0.031481422;0.032241505
480.22;0.5074876;0.030592106;0.030873002;0.030557573;0.031702552
480.69;0.5156328;0.03095231;0.031202408;0.031348124;0.032063708
481.15;0.529621;0.03228066;0.032242846;0.032390162;0.0331522
481.62;0.52189976;0.031855036;0.03178163;0.03178976;0.032623757
482.08;0.5184834;0.031319898;0.0317778;0.031773727;0.03239732
482.55;0.5453042;0.032442465;0.032926302;0.032726455;0.033884782
483.01;0.5440945;0.032652248;0.03301398;0.032825515;0.033865903
483.48;0.55475473;0.033465713;0.033884745;0.033846404;0.034594294
483.94;0.54022086;0.032799173;0.033049397;0.033072937;0.03400882
484.41;0.55299336;0.033202715;0.03342256;0.03366481;0.03455031
484.87;0.57790995;0.034910556;0.035344284;0.035258442;0.036194682
485.34;0.57760024;0.035000075;0.035846464;0.03534839;0.036034923
485.8;0.5735783;0.034558833;0.035083428;0.035145864;0.035690855
486.27;0.55934775;0.033792797;0.034207363;0.03409326;0.035229746
486.73;0.5525961;0.033203047;0.03340946;0.03321432;0.034507547
487.2;0.5256328;0.031372387;0.03143125;0.031515595;0.03234091
487.66;0.5125301;0.030601073;0.030935654;0.03086627;0.0318382
488.13;0.52211064;0.031500597;0.031621218;0.031554464;0.03259146
488.59;0.52097183;0.031568673;0.031834066;0.031628657;0.032532576
489.06;0.5246674;0.031933352;0.031737424;0.032147616;0.032985777
489.53;0.5285631;0.032124642;0.032197755;0.03229768;0.03327144
489.99;0.5185277;0.031261716;0.031734835;0.031576123;0.032395557
490.46;0.5470506;0.03320306;0.033648055;0.03341596;0.034340687
490.92;0.5551962;0.03325147;0.033406056;0.033374216;0.034583602
491.39;0.5380469;0.032390784;0.032492362;0.032455146;0.033700723
491.85;0.53967714;0.032817814;0.032903347;0.032903507;0.03392872
492.32;0.5439925;0.03292765;0.033391215;0.03324524;0.034139257
492.78;0.5443722;0.032999165;0.033421345;0.033321682;0.034023624
493.25;0.52256835;0.031884402;0.031947106;0.03191926;0.032703083
493.72;0.51979476;0.031070275;0.03129216;0.03134553;0.03213626
494.18;0.531047;0.032017194;0.032348044;0.032426562;0.033242464
494.65;0.5314055;0.03241365;0.03264726;0.03283331;0.03347927
495.11;0.5336291;0.032111306;0.03245521;0.032520078;0.033175703
495.58;0.5381021;0.032553982;0.032749303;0.032652028;0.03350101
496.05;0.532785;0.03261641;0.03276651;0.032687373;0.033495635
496.51;0.54600286;0.032809343;0.033190016;0.033121865;0.034069728
496.98;0.55266356;0.033536624;0.03382994;0.03377168;0.03469342
497.44;0.56057197;0.03417588;0.034403317;0.034352135;0.03520083
497.91;0.55014604;0.033735693;0.033892818;0.03395663;0.03469719
498.38;0.5574973;0.03429795;0.034412492;0.034256;0.035221033
498.84;0.5722057;0.03474563;0.035119552;0.035085484;0.036194813
499.31;0.572714;0.034871865;0.035325505;0.035303243;0.036222473
499.78;0.57405055;0.035167772;0.03520949;0.035108507;0.03643775
500.24;0.58219326;0.035627056;0.03594563;0.035563637;0.03702366
500.71;0.57368535;0.03462968;0.03521923;0.03487185;0.036082853
501.17;0.5658448;0.034548856;0.034703653;0.03450937;0.0354683
501.64;0.5722347;0.03419992;0.034640383;0.03442184;0.035497714
502.11;0.5727176;0.034833975;0.034727737;0.034727756;0.03597681
502.57;0.56803536;0.03473086;0.034645785;0.034661964;0.035569705
503.04;0.5594937;0.033494696;0.03405834;0.033813544;0.03485781
503.51;0.55783534;0.033333506;0.033732;0.033465344;0.034644697
503.97;0.56413376;0.034371898;0.034383386;0.034181114;0.035181884
504.44;0.5594068;0.034100212;0.034333035;0.034268487;0.03536582
504.91;0.5544871;0.03373611;0.034017336;0.03392855;0.035229
505.37;0.5641247;0.033976957;0.033992514;0.0337856;0.034944754
505.84;0.55731785;0.03347489;0.033335675;0.033449173;0.03443486
506.31;0.5655369;0.034263548;0.034358945;0.034508657;0.035407685
506.77;0.56876296;0.03466874;0.03500062;0.03465481;0.035972904
507.24;0.56846654;0.034839686;0.03513954;0.034604747;0.03588882
507.71;0.5679484;0.034554448;0.034840394;0.03467737;0.03569728
508.18;0.5771922;0.034871265;0.03508586;0.0350825;0.036220346
508.64;0.57134116;0.034715053;0.034820106;0.03466678;0.035872195
509.11;0.5615209;0.03427426;0.034225415;0.03432893;0.035612274
509.58;0.55515736;0.033780187;0.03388658;0.03376288;0.03530083
510.04;0.55685043;0.033650875;0.033934727;0.033683807;0.03480826
510.51;0.5666098;0.034336515;0.034510758;0.0344631;0.035539225
510.98;0.56626266;0.034372855;0.034391686;0.034261756;0.035439257
511.45;0.5636599;0.034237925;0.034267392;0.03418722;0.035222966
511.91;0.5689486;0.034689967;0.0347583;0.034782466;0.03595238
512.38;0.5766736;0.035269663;0.035522956;0.03532339;0.03650082
512.85;0.57700235;0.03526804;0.03579396;0.03557381;0.036361147
513.31;0.5764989;0.034476027;0.035251297;0.0348141;0.035844855
513.78;0.5804835;0.03498802;0.03557155;0.0352426;0.03638861
514.25;0.58032256;0.035432912;0.035704415;0.035474107;0.03673513
514.72;0.58187616;0.035624187;0.03573237;0.035760146;0.036898658
515.18;0.5887176;0.036013126;0.03625095;0.036166612;0.03739816
515.65;0.598626;0.036680758;0.036773853;0.03683803;0.03788448
516.12;0.5853914;0.03572593;0.03608812;0.035983667;0.03707315
516.59;0.59405893;0.036131226;0.0366044;0.03631148;0.037507996
517.05;0.6054278;0.03707577;0.03731098;0.03723033;0.038419854
517.52;0.5844429;0.03557266;0.035812084;0.035747044;0.036742765
517.99;0.5579242;0.03387121;0.034257006;0.034172475;0.035200126
518.46;0.5484397;0.033265702;0.033897176;0.03354037;0.03488784
518.93;0.55760956;0.0339302;0.034177385;0.033918735;0.03506517
519.39;0.54773337;0.033271242;0.033307947;0.03317849;0.034255974
519.86;0.54786134;0.03352608;0.033650357;0.03354957;0.03473285
520.33;0.553628;0.034065116;0.034148525;0.03397864;0.03530716
520.8;0.56628984;0.034784056;0.034964185;0.034664895;0.03599398
521.27;0.5679533;0.03452642;0.034673866;0.034755927;0.03562255
521.73;0.5652323;0.034301218;0.034625337;0.034906216;0.035636798
522.2;0.57166445;0.034733035;0.035200033;0.035292055;0.03630604
522.67;0.5739432;0.035375472;0.03548014;0.03505008;0.03650756
523.14;0.56907004;0.034880575;0.03537103;0.03489993;0.036210224
523.61;0.5676865;0.034666695;0.03518449;0.035207294;0.03618062
524.07;0.56927747;0.034811843;0.03519767;0.03494741;0.036011033
524.54;0.57694334;0.03512538;0.035808705;0.035338204;0.036607742
525.01;0.5815345;0.035634406;0.036186293;0.035749625;0.037122704
525.48;0.59083587;0.03612089;0.036562774;0.036091395;0.03711519
525.95;0.59899986;0.036596626;0.036954593;0.036876198;0.037680678
526.42;0.5861682;0.036100052;0.03642383;0.036185246;0.037333384
526.88;0.5916338;0.036285244;0.036621433;0.036074635;0.037489437
527.35;0.58613276;0.035803076;0.036262147;0.03570575;0.03715501
527.82;0.5732235;0.035139836;0.035515692;0.035171986;0.036455523
528.29;0.56163853;0.03450352;0.034862645;0.03465975;0.035652496
528.76;0.5641107;0.034307264;0.034919724;0.034629967;0.03575195
529.23;0.5709447;0.03459004;0.034868088;0.034674183;0.035889972
529.7;0.5774705;0.035497956;0.03563775;0.03547471;0.036722593
530.16;0.5878746;0.03628292;0.036715634;0.036596507;0.037767913
530.63;0.58520275;0.03617792;0.036559813;0.036548518;0.03768465
531.1;0.59057385;0.03682688;0.0365236;0.036818318;0.037822433
531.57;0.59977096;0.037263807;0.037459683;0.037206702;0.03842272
532.04;0.60168064;0.037118595;0.037569404;0.037100036;0.038516756
532.51;0.5988356;0.037052542;0.03722201;0.036960524;0.03840348
532.98;0.6040887;0.03707234;0.03769937;0.03727579;0.038533952
533.45;0.5994438;0.03671065;0.037092187;0.036812384;0.037981384
533.92;0.5884323;0.03615465;0.03659787;0.03609394;0.037422795
534.38;0.5932011;0.036375612;0.03677475;0.036260046;0.037703473
534.85;0.5918285;0.036283735;0.036520813;0.03632565;0.037782483
535.32;0.59268504;0.036684524;0.036801424;0.03660747;0.037938166
535.79;0.5882327;0.03658767;0.036582567;0.036044408;0.03778491
536.26;0.5935246;0.03679669;0.037091494;0.03675887;0.038294066
536.73;0.6074221;0.03765643;0.038133807;0.03779593;0.038926214
537.2;0.6033118;0.03731872;0.03776949;0.037247993;0.038638506
537.67;0.59596103;0.036772292;0.037133887;0.03693589;0.038330764
538.14;0.60598147;0.037420735;0.037553936;0.03740007;0.038695972
538.61;0.5993666;0.037139457;0.037125252;0.036948547;0.038265973
539.08;0.61353767;0.037991818;0.03832153;0.037853792;0.039418295
539.55;0.6070755;0.03760917;0.038018733;0.03768661;0.039075166
540.02;0.60028493;0.036834333;0.037126254;0.0368302;0.038157556
540.49;0.61561745;0.03765842;0.037947465;0.03794011;0.039141268
540.96;0.6180269;0.037906516;0.038200345;0.038229506;0.03938795
541.43;0.6056445;0.03719375;0.03748985;0.037451945;0.03891847
541.89;0.59309494;0.036370613;0.03661324;0.036532633;0.038097102
542.36;0.6034407;0.03714017;0.037445575;0.037298154;0.03859768
542.83;0.6061809;0.037726317;0.0379582;0.037850752;0.038883537
543.3;0.60547984;0.037620466;0.037779957;0.037472658;0.038576603
543.77;0.60676974;0.0374688;0.037531655;0.037675038;0.03864429
544.24;0.6097393;0.037919365;0.03799012;0.0379432;0.039203484
544.71;0.60072815;0.037137363;0.037463136;0.03712525;0.038478713
545.18;0.6003125;0.03680179;0.037417125;0.036949493;0.038247652
545.65;0.62022805;0.03845188;0.03878584;0.038485676;0.040007353
546.12;0.6083479;0.037562586;0.037804943;0.03785759;0.038917772
546.59;0.6162571;0.038106374;0.038511693;0.03840227;0.03959777
547.06;0.6259718;0.038932446;0.039180044;0.039105218;0.040648583
547.53;0.61117005;0.037561916;0.03789257;0.03743081;0.039066017
548;0.621744;0.03858977;0.038851976;0.03860576;0.039992083
548.47;0.6170819;0.03842637;0.038586393;0.03876954;0.03999006
548.94;0.60815316;0.037571605;0.037775397;0.03769345;0.039077867
549.41;0.61545485;0.0380255;0.038443886;0.038216814;0.039577644
549.88;0.62188196;0.038645633;0.039183713;0.038737826;0.04025811
550.35;0.6277781;0.039099347;0.03955819;0.039230634;0.040613584
550.83;0.6265253;0.03863029;0.039186265;0.039099127;0.040461954
551.3;0.6277734;0.039228357;0.039582107;0.039135132;0.04058977
551.77;0.6285228;0.03915917;0.03939918;0.03896677;0.04018321
552.24;0.623569;0.038785968;0.039235678;0.03891675;0.040161874
552.71;0.6357018;0.03934678;0.03993287;0.03952126;0.041050963
553.18;0.6402829;0.039355565;0.03977644;0.03947226;0.040890936
553.65;0.62835866;0.039212283;0.03935079;0.039262883;0.04022226
554.12;0.6295689;0.039290063;0.039467797;0.039091367;0.040465966
554.59;0.6311172;0.039172973;0.03928112;0.03921957;0.04066737
555.06;0.6341814;0.03911785;0.039476313;0.039377894;0.04071498
555.53;0.6393804;0.0396185;0.039902367;0.039716136;0.041051783
556;0.64622515;0.040316503;0.04047168;0.040480472;0.041550383
556.47;0.6506596;0.040208533;0.04061518;0.040569026;0.041576218
556.94;0.65394354;0.040501863;0.04078481;0.040489715;0.041975338
557.41;0.64995897;0.04043617;0.040423345;0.040396005;0.041785568
557.89;0.64538157;0.040061012;0.039930645;0.040089265;0.0415615
558.36;0.6446107;0.039297115;0.039371897;0.03919489;0.04081325
558.83;0.6429889;0.03925674;0.039525907;0.039023656;0.040831797
559.3;0.6434224;0.040132374;0.040611163;0.040192038;0.041913513
559.77;0.63754225;0.0393956;0.039478224;0.03939788;0.0406907
560.24;0.63526005;0.03956387;0.039311543;0.039215457;0.040650833
560.71;0.6375285;0.039700218;0.040120643;0.03962949;0.04119837
561.18;0.6400109;0.039208107;0.039743844;0.03949048;0.040968787
561.65;0.6401474;0.03918663;0.039629918;0.03937298;0.040824324
562.13;0.6339135;0.03956926;0.03996901;0.039426006;0.040986918
562.6;0.6270583;0.03883844;0.03917854;0.038690712;0.040135603
563.07;0.64395624;0.04000932;0.040269278;0.039885137;0.04124732
563.54;0.63561505;0.039605424;0.03979013;0.039650477;0.04114518
564.01;0.63323283;0.039400402;0.03956438;0.03932031;0.04090581
564.48;0.647868;0.040557034;0.040605567;0.040475138;0.042147215
564.95;0.6384359;0.03961026;0.039774444;0.039506305;0.04094412
565.43;0.6453254;0.04000354;0.040408865;0.04008924;0.0414194
565.9;0.64115953;0.03954424;0.04029985;0.0397993;0.041287605
566.37;0.6497397;0.040241092;0.040837895;0.040121447;0.041660935
566.84;0.6481147;0.040312067;0.04051621;0.039987665;0.04155732
567.31;0.64457977;0.039954066;0.040156268;0.040001422;0.041425254
567.78;0.64251477;0.03999164;0.03989107;0.03979261;0.041495662
568.26;0.64055437;0.039704952;0.039778337;0.03957128;0.04109807
568.73;0.6600446;0.04067787;0.041098535;0.04108351;0.042207778
569.2;0.6602342;0.04095519;0.041189447;0.041149426;0.042207316
569.67;0.6572977;0.0408555;0.041307487;0.041209925;0.042290635
570.14;0.6567268;0.04065468;0.041053556;0.0407379;0.042373303
570.62;0.64966375;0.04039076;0.040601183;0.040291917;0.041810572
571.09;0.6500619;0.040630985;0.040827498;0.04030711;0.0418559
571.56;0.6460053;0.04022785;0.04025285;0.039960325;0.04153637
572.03;0.6348087;0.039173316;0.03935926;0.039224666;0.040676475
572.5;0.64563775;0.040003017;0.040412307;0.03998499;0.041581426
572.98;0.64264596;0.04008223;0.040120427;0.03984708;0.04133077
573.45;0.65066016;0.040316626;0.040713776;0.040085804;0.041672602
573.92;0.65203595;0.040512584;0.04053242;0.040497273;0.04190846
574.39;0.6515977;0.040802944;0.040928602;0.041037656;0.042214304
574.86;0.66752857;0.041503288;0.042122845;0.041630957;0.042923532
575.34;0.66297203;0.04138249;0.041535478;0.041117765;0.0425024
575.81;0.6690788;0.041828077;0.0418597;0.04161556;0.043001436
576.28;0.65859526;0.04098006;0.04125413;0.04113257;0.042226333
576.75;0.65676224;0.040688384;0.041029397;0.040960226;0.04222331
577.23;0.6619412;0.041155994;0.041129448;0.040855337;0.042612053
577.7;0.65320283;0.04033667;0.04063272;0.040339567;0.04180098
578.17;0.65551716;0.04029085;0.040633757;0.04031482;0.04160631
578.64;0.6619114;0.041082155;0.04123795;0.040797096;0.04221068
579.12;0.65465224;0.040761996;0.040893316;0.040817577;0.042156737
579.59;0.6446817;0.040190194;0.04015053;0.039832037;0.04151309
580.06;0.6545915;0.040690944;0.040767934;0.04037501;0.042001594
580.54;0.6532261;0.04064472;0.040879615;0.040957175;0.04207606
581.01;0.6437863;0.039865687;0.040289227;0.040060375;0.041483242
581.48;0.6450565;0.039825942;0.040453587;0.03991097;0.041479513
581.95;0.65245384;0.040504083;0.04048834;0.04024363;0.041874718
582.43;0.6512802;0.040464666;0.040305533;0.040370923;0.042008173
582.9;0.6546324;0.040317282;0.040687513;0.040238272;0.041536674
583.37;0.6557349;0.04052611;0.04081073;0.04039307;0.042056557
583.85;0.65666527;0.040548373;0.04089837;0.04056676;0.04227178
584.32;0.66975385;0.041388046;0.04160031;0.041212082;0.04293461
584.79;0.65793693;0.04094879;0.040849246;0.040829048;0.0422709
585.27;0.6670006;0.041363288;0.041800637;0.041899137;0.043274622
585.74;0.6717942;0.041737452;0.04216424;0.04176411;0.043550175
586.21;0.66861254;0.041502446;0.041872345;0.041411545;0.042995505
586.69;0.66628516;0.04130584;0.04151567;0.041411676;0.042549334
587.16;0.6679763;0.041485026;0.041640043;0.04161652;0.043146014
587.63;0.6809252;0.042418204;0.042891018;0.042322755;0.044060886
588.11;0.69115597;0.04283915;0.043269638;0.043020643;0.044645574
588.58;0.68299985;0.042627465;0.042758115;0.042431526;0.044388272
589.05;0.6868741;0.042995077;0.043193944;0.042797882;0.04462092
589.53;0.67855287;0.04210163;0.04221336;0.04208669;0.0435478
590;0.6702096;0.041067768;0.04110666;0.041199546;0.042504784
590.47;0.65274256;0.040160462;0.040306658;0.040050894;0.041498877
590.95;0.63771963;0.039454278;0.03957743;0.039070502;0.040994782
591.42;0.6435097;0.039668746;0.04009843;0.03980492;0.04139368
591.89;0.64883476;0.03997549;0.04037078;0.040078387;0.04158988
592.37;0.65886927;0.040885597;0.041219946;0.041064616;0.042363167
592.84;0.65864635;0.040637184;0.040922564;0.040383898;0.042289946
593.31;0.6624912;0.04091093;0.041160215;0.04094098;0.04227347
593.79;0.6642806;0.041174065;0.040895868;0.04102563;0.04240932
594.26;0.6586441;0.04063778;0.040947784;0.04052018;0.042469032
594.74;0.67267185;0.04183091;0.042057503;0.041660003;0.04350367
595.21;0.6653514;0.041477352;0.041235927;0.04133857;0.043027088
595.68;0.65731865;0.040709488;0.04089067;0.040340323;0.041990448
596.16;0.66344196;0.040993158;0.041017924;0.040806986;0.042490628
596.63;0.66579795;0.04110481;0.04141809;0.04083731;0.042687193
597.11;0.665829;0.041578382;0.04175845;0.04123667;0.043134782
597.58;0.6775897;0.04210243;0.042242274;0.041951742;0.043648712
598.06;0.6661855;0.041079238;0.041373707;0.04088644;0.042603403
598.53;0.67005223;0.0410186;0.04152186;0.040911645;0.042493697
599;0.6684649;0.04094926;0.041783642;0.04130557;0.042781428
599.48;0.67798084;0.042002976;0.042439744;0.041851263;0.043658365
599.95;0.6697711;0.04138985;0.04163704;0.04139905;0.042895798
600.43;0.67832416;0.04212637;0.04221629;0.041919906;0.04363044
600.9;0.6675737;0.041225154;0.041484606;0.040868327;0.042873748
601.38;0.6791912;0.041451555;0.042103797;0.041799292;0.04302878
601.85;0.67495626;0.041701928;0.04208724;0.04180378;0.04307255
602.32;0.65843165;0.040513348;0.04066544;0.040292457;0.04177804
602.8;0.66249406;0.04084514;0.040826157;0.040437482;0.042229198
603.27;0.6786965;0.041931707;0.04188014;0.04145304;0.04332051
603.75;0.6627202;0.04058571;0.041209623;0.040655006;0.042260457
604.22;0.67874223;0.041622564;0.041720483;0.04135058;0.04280366
604.7;0.67484176;0.041755978;0.041831072;0.04161462;0.043443665
605.17;0.66771126;0.041308116;0.04149383;0.040911227;0.042811308
605.65;0.6800121;0.04193234;0.04214056;0.04180786;0.04328885
606.12;0.680266;0.042034674;0.042228464;0.042060893;0.043636046
606.6;0.6766102;0.041102767;0.041509982;0.0413229;0.042735666
607.07;0.67882776;0.041420914;0.0417113;0.04144282;0.043116737
607.55;0.6862911;0.04261001;0.042558316;0.0419481;0.043874703
608.02;0.6888583;0.04257504;0.042500734;0.04212848;0.04406699
608.5;0.6902611;0.04222798;0.042475577;0.042440116;0.044132087
608.97;0.6915151;0.04266094;0.042813685;0.042556994;0.044059735
609.45;0.67737776;0.041690614;0.04196656;0.04129022;0.04318028
609.92;0.6960633;0.04221763;0.042615827;0.042426202;0.044195335
610.4;0.69331056;0.042502493;0.04254884;0.042256057;0.043950163
610.87;0.696142;0.042381227;0.04293281;0.042327557;0.04390426
611.35;0.68311375;0.04191588;0.041956317;0.041770864;0.043347254
611.82;0.68391097;0.04185722;0.042136412;0.041794628;0.04339775
612.3;0.6996536;0.042501237;0.042567022;0.042193938;0.043662295
612.77;0.70275646;0.042846512;0.043205183;0.042923592;0.044549722
613.25;0.6961017;0.04273019;0.042854186;0.042240106;0.044199593
613.73;0.6922049;0.04249396;0.042376965;0.041692186;0.043669093
614.2;0.69870585;0.04277425;0.042708185;0.042683676;0.04450215
614.68;0.7005403;0.042952344;0.042872798;0.0426307;0.044421937
615.15;0.69808745;0.042716336;0.042940233;0.042871185;0.04419494
615.63;0.70350754;0.04333333;0.043347023;0.042710003;0.04467976
616.1;0.7068956;0.04287488;0.043150157;0.042625677;0.044518694
616.58;0.6993422;0.042618606;0.042565197;0.042299546;0.043698993
617.06;0.6950784;0.04221161;0.042667165;0.042151365;0.04380925
617.53;0.6863438;0.041521206;0.0421949;0.041559186;0.043328874
618.01;0.70646495;0.04319489;0.043551046;0.04313776;0.044773035
618.48;0.6896204;0.04215305;0.04220464;0.041484516;0.04342655
618.96;0.68759567;0.041694853;0.041867968;0.041585382;0.043064605
619.43;0.7017157;0.0426945;0.04280085;0.04255881;0.044396512
619.91;0.7041415;0.042636614;0.042692937;0.042441983;0.044223037
620.39;0.70871645;0.043366443;0.0434901;0.043188866;0.0450463
620.86;0.7072566;0.04317743;0.043335903;0.042780403;0.04433573
621.34;0.7096578;0.04287893;0.042888027;0.042456914;0.04422757
621.82;0.72252417;0.043495923;0.043929543;0.04361222;0.045569036
622.29;0.7098721;0.043056395;0.043493237;0.042700104;0.044709288
622.77;0.71910226;0.04392486;0.043909915;0.04337893;0.045506656
623.24;0.7156505;0.043607917;0.043738745;0.04353105;0.044658143
623.72;0.72370505;0.04361884;0.043888107;0.04337058;0.045449644
624.2;0.72218406;0.04402688;0.043717097;0.043689102;0.04535851
624.67;0.7119889;0.04315027;0.043237723;0.0427703;0.044502676
625.15;0.7181386;0.04295625;0.043553475;0.04274625;0.04444252
625.63;0.7188967;0.043111015;0.04339661;0.042767834;0.04448179
626.1;0.71481633;0.043456115;0.043562017;0.04323224;0.04494499
626.58;0.713086;0.04281181;0.04263929;0.04231736;0.04424897
627.06;0.7233977;0.043497972;0.04374506;0.043488517;0.04524982
627.53;0.7081894;0.042739663;0.042797603;0.042647585;0.044115666
628.01;0.71923333;0.04353132;0.043712948;0.043158904;0.04455703
628.49;0.7196175;0.043461308;0.043586567;0.04338358;0.044941816
628.96;0.7170421;0.042942192;0.043243084;0.043095063;0.044898927
629.44;0.72812736;0.044136204;0.04394638;0.04338217;0.045549236
629.92;0.7145102;0.042908337;0.043038704;0.042387154;0.04402629
630.39;0.7022521;0.042038307;0.042160004;0.041780956;0.04374223
630.87;0.72019535;0.043306448;0.04306103;0.04296779;0.04453266
631.35;0.7132434;0.04265269;0.042713925;0.042158682;0.04424622
631.82;0.7197433;0.04273571;0.043109845;0.04254583;0.044291843
632.3;0.70950264;0.042039014;0.042099465;0.042171117;0.043738976
632.78;0.7121039;0.042408306;0.04228558;0.04208398;0.043754347
633.25;0.7271618;0.04335574;0.04347452;0.04302129;0.044707354
633.73;0.695583;0.041637555;0.041871775;0.041169025;0.043187246
634.21;0.7079896;0.04148606;0.04203112;0.041629847;0.043608326
634.69;0.7236091;0.04329623;0.043486495;0.0432093;0.044649936
635.16;0.70904016;0.04222586;0.04228115;0.041479;0.043295994
635.64;0.71049786;0.04209654;0.0423893;0.0418554;0.043771215
636.12;0.71077365;0.04223573;0.04265168;0.04186251;0.04374065
636.6;0.7201335;0.042728916;0.043273192;0.042701498;0.04422526
637.07;0.7211654;0.042819228;0.042896327;0.042735282;0.044514537
637.55;0.712448;0.04205153;0.04215132;0.042392135;0.043771766
638.03;0.71200997;0.041960504;0.042396452;0.041820943;0.043956023
638.51;0.7160869;0.043045674;0.042694975;0.042564142;0.04406589
638.98;0.7204868;0.04223894;0.042517044;0.042111725;0.043665443
639.46;0.73324883;0.043695476;0.04364636;0.04345595;0.04490745
639.94;0.72918534;0.043353245;0.0435881;0.043172475;0.04501179
640.42;0.7281003;0.043517753;0.04346113;0.04300311;0.045154676
640.89;0.7346037;0.043551967;0.043838408;0.04313075;0.045088228
641.37;0.7170309;0.042119727;0.042251807;0.041858956;0.043612763
641.85;0.7326122;0.04307686;0.043268587;0.043221842;0.04491781
642.33;0.71379083;0.04269552;0.042631168;0.04237538;0.044105504
642.8;0.71981305;0.042373586;0.04275904;0.04231049;0.04388748
643.28;0.73571247;0.04326462;0.043773316;0.042706694;0.04468215
643.76;0.7266162;0.04262504;0.042833623;0.04235125;0.044205844
644.24;0.73244816;0.04328851;0.04339529;0.043011375;0.04501446
644.72;0.7312;0.043279182;0.043650173;0.043398533;0.044865225
645.19;0.7360664;0.043486163;0.043659005;0.043481678;0.04452766
645.67;0.7409955;0.0437105;0.044292193;0.043663528;0.0455171
646.15;0.74307364;0.044226002;0.044080283;0.04347931;0.045384884
646.63;0.7379479;0.043533932;0.043639306;0.04318733;0.044645585
647.11;0.743496;0.044442523;0.04432016;0.0438004;0.04595827
647.59;0.73778015;0.043197565;0.04352118;0.042812932;0.045047894
648.06;0.7363307;0.043170657;0.04381923;0.04341707;0.0449793
648.54;0.7429469;0.043113463;0.043690104;0.04310627;0.04471065
649.02;0.738288;0.043018445;0.043105297;0.04280926;0.044648975
649.5;0.73049736;0.04278547;0.04300138;0.042140126;0.044603705
649.98;0.72822595;0.04288818;0.042635262;0.042458963;0.044267856
650.46;0.7377398;0.043440748;0.043749444;0.043121852;0.044748086
650.93;0.7278823;0.042414363;0.042993974;0.04254912;0.04393847
651.41;0.7194259;0.041911185;0.04192473;0.041851364;0.042613514
651.89;0.712378;0.041689996;0.041510675;0.041204523;0.043005273
652.37;0.731156;0.042675275;0.043019313;0.042488698;0.044371907
652.85;0.7325538;0.043156013;0.043425363;0.043151177;0.044658534
653.33;0.7324936;0.043068197;0.043045565;0.042857397;0.044503797
653.81;0.7368841;0.0431618;0.043496106;0.042951666;0.044981238
654.29;0.7498259;0.04374047;0.043603227;0.043421447;0.04517463
654.76;0.76892525;0.045184;0.045163445;0.044499665;0.04676574
655.24;0.7529696;0.043887235;0.044133037;0.043777715;0.045407634
655.72;0.79098684;0.046493877;0.046417434;0.046318226;0.048146915
656.2;0.76138866;0.04460066;0.044936568;0.044540826;0.04640734
656.68;0.7411543;0.043436803;0.04350651;0.043051224;0.045050684
657.16;0.7274395;0.042115632;0.04277758;0.04220915;0.043973673
657.64;0.6966834;0.04052959;0.04077607;0.040585004;0.042171832
658.12;0.693954;0.040589698;0.040777776;0.04019633;0.041905385
658.6;0.6986324;0.040839724;0.040953044;0.040953554;0.042490046
659.08;0.6978155;0.040650513;0.041198187;0.04048997;0.042336497
659.56;0.7177981;0.041453995;0.041864228;0.04130517;0.04286944
660.04;0.71855277;0.041311968;0.041556355;0.041109752;0.042995147
660.51;0.7225445;0.042173278;0.042043228;0.0416198;0.043393973
660.99;0.73023134;0.042658117;0.042546794;0.042352673;0.043697555
661.47;0.734787;0.042587794;0.043014783;0.042352267;0.04417469
661.95;0.7338963;0.04246371;0.042698644;0.042311966;0.044106852
662.43;0.73917085;0.043213427;0.04364628;0.042971097;0.044696253
662.91;0.74230504;0.042794526;0.042969476;0.04228356;0.04431975
663.39;0.7426688;0.04315046;0.043148655;0.04260308;0.04471582
663.87;0.74284124;0.043042894;0.04294977;0.042786457;0.044533897
664.35;0.7402629;0.043578885;0.043400392;0.042798582;0.045031957
664.83;0.74487764;0.04365417;0.043770947;0.04302538;0.044789415
665.31;0.73586094;0.04313856;0.043032255;0.042895045;0.044346645
665.79;0.74857247;0.043486346;0.04363906;0.0429746;0.044920422
666.27;0.74885064;0.043637957;0.04362731;0.043164864;0.045455374
666.75;0.7425554;0.043276057;0.043767765;0.04275446;0.045084838
667.23;0.74709904;0.043693636;0.04353342;0.04300269;0.044995256
667.71;0.74739593;0.043678757;0.043334514;0.043149084;0.045022998
668.19;0.7440245;0.043331403;0.043328546;0.04280418;0.044467308
668.67;0.7543035;0.04353876;0.043453515;0.042981327;0.04493714
669.15;0.7493141;0.0438025;0.04396954;0.043186013;0.045792386
669.63;0.76363134;0.044668566;0.044665694;0.04418605;0.04630837
670.11;0.7640425;0.04453502;0.04462939;0.044314772;0.045907807
670.59;0.7544263;0.04331118;0.043662667;0.04305839;0.044708595
671.07;0.75430053;0.04383195;0.044022817;0.043218076;0.045228172
671.55;0.7544144;0.04397681;0.043781146;0.043373737;0.045480322
672.03;0.7625896;0.043944795;0.04436721;0.04382039;0.04593288
672.51;0.74244595;0.04270835;0.0429289;0.042779353;0.04419248
672.99;0.75503296;0.0434736;0.043731652;0.0430897;0.045023188
673.47;0.7502253;0.043446552;0.04360095;0.04301573;0.0444369
673.95;0.75412524;0.043742493;0.04362129;0.043040294;0.045169275
674.43;0.75559676;0.043360982;0.043853983;0.04302923;0.045017354
674.91;0.7594846;0.04417107;0.04424333;0.043830555;0.045314196
675.39;0.7672919;0.044590965;0.04432072;0.04392138;0.046136614
675.88;0.755288;0.04334517;0.043823414;0.043024518;0.04516643
676.36;0.7523157;0.043514986;0.04374998;0.04306879;0.045009196
676.84;0.7593622;0.04394801;0.044134125;0.04319888;0.04522735
677.32;0.7630904;0.044346716;0.04419693;0.04343854;0.045530774
677.8;0.7605478;0.044210438;0.043775886;0.04342038;0.045477744
678.28;0.7529583;0.043365084;0.043781213;0.043301366;0.045124423
678.76;0.76650906;0.04453554;0.044411317;0.043969058;0.04621875
679.24;0.76822394;0.04497101;0.044763274;0.044360995;0.046576377
679.72;0.7636841;0.04403627;0.044558045;0.04422604;0.045943886
680.2;0.75909024;0.044022366;0.04419637;0.043814883;0.045486435
680.68;0.7594392;0.044186454;0.043920077;0.04358117;0.045212224
681.16;0.76116633;0.04428347;0.044298828;0.043213855;0.045539856
681.65;0.7642471;0.043983933;0.044138834;0.043116186;0.045374252
682.13;0.7649472;0.04425104;0.04416902;0.043568954;0.045605704
682.61;0.76493496;0.044220034;0.044067666;0.043692876;0.04540089
683.09;0.7617733;0.04401633;0.044455264;0.044115588;0.045664568
683.57;0.7690715;0.044335715;0.044740673;0.04396069;0.04602959
684.05;0.7663576;0.044391926;0.04403057;0.043576982;0.045774896
684.53;0.77397007;0.04466211;0.044714835;0.044146843;0.04615084
685.02;0.7927578;0.04551366;0.04564175;0.045082282;0.047081158
685.5;0.7936775;0.045982514;0.04590993;0.045613844;0.047840774
685.98;0.8234411;0.047768038;0.047737967;0.047281366;0.049160477
686.46;0.84178096;0.04828085;0.04854595;0.048131403;0.04996836
686.94;0.8428503;0.048491374;0.04858323;0.04824298;0.050582934
687.42;0.83634746;0.04863466;0.048723824;0.04783177;0.049990315
687.9;0.8149293;0.04699668;0.04759956;0.04654807;0.048506312
688.39;0.7887279;0.045523226;0.045420688;0.04526001;0.047179546
688.87;0.75613564;0.044056553;0.043956086;0.043627147;0.045565628
689.35;0.73272634;0.041952405;0.04206191;0.041487835;0.042969346
689.83;0.7302318;0.04218338;0.041980986;0.041374635;0.043292683
690.31;0.73379815;0.04233246;0.042192593;0.04139433;0.043674342
690.8;0.7375425;0.042717297;0.0423367;0.04169781;0.04385049
691.28;0.7473015;0.043455154;0.043207835;0.042625017;0.04472902
691.76;0.7459799;0.042542398;0.042695407;0.041930955;0.04395947
692.24;0.7556016;0.043345973;0.04350277;0.042578403;0.044699952
692.72;0.7622781;0.04422278;0.04451024;0.04360655;0.045394193
693.21;0.76155347;0.044003475;0.04397628;0.043272354;0.045279413
693.69;0.7665623;0.04390363;0.043978844;0.043345474;0.045205843
694.17;0.77060103;0.044198234;0.044564404;0.043422602;0.045551747
694.65;0.76404047;0.043604344;0.043897316;0.04307376;0.045049142
695.13;0.7555699;0.043436803;0.043473903;0.042925093;0.04461752
695.62;0.75637144;0.043990485;0.043829687;0.042930644;0.045085285
696.1;0.7481209;0.04380974;0.04366524;0.042886198;0.04498542
696.58;0.74761045;0.042876836;0.042843904;0.042119425;0.043986626
697.06;0.75251937;0.04252714;0.042830832;0.042198624;0.044078566
697.55;0.7620773;0.043934286;0.044259235;0.04358315;0.04516229
698.03;0.7765744;0.045008082;0.044916295;0.04418436;0.045950662
698.51;0.7830425;0.045073956;0.045224313;0.04425457;0.0468345
698.99;0.7763569;0.044584874;0.04539077;0.044479728;0.046335768
699.48;0.78026164;0.045180876;0.045355525;0.044747163;0.046607044
699.96;0.7919829;0.045912627;0.04582657;0.044939168;0.047227263
700.44;0.7783711;0.04515312;0.045387834;0.04442058;0.04622455
700.92;0.7738199;0.044785205;0.04470365;0.044353623;0.04588192
701.41;0.7726034;0.04482855;0.04471875;0.044193044;0.046267197
701.89;0.7752586;0.04487213;0.04457639;0.04387159;0.045985296
702.37;0.7757433;0.044173326;0.044493258;0.04368701;0.045692675
702.86;0.76245135;0.043530226;0.044450663;0.043317784;0.04559396
703.34;0.7615255;0.04418168;0.044471886;0.04359857;0.04567344
703.82;0.7596253;0.044301447;0.04426414;0.043553982;0.045507383
704.3;0.7545481;0.043403056;0.043179248;0.04283791;0.044719398
704.79;0.7685615;0.045047723;0.045150142;0.044349924;0.0464604
705.27;0.7697779;0.04529069;0.045572963;0.044677883;0.046709094
705.75;0.7711198;0.04387355;0.0442241;0.043492414;0.045536194
706.24;0.76487964;0.044456698;0.044973537;0.044235986;0.045847267
706.72;0.7685083;0.04457334;0.044831015;0.043821543;0.0457021
707.2;0.7730065;0.044629253;0.04472312;0.043562382;0.045634024
707.69;0.7766965;0.044736806;0.04559564;0.044162992;0.046395313
708.17;0.7745597;0.04427605;0.044938393;0.044153318;0.046158787
708.65;0.7564569;0.04337264;0.043400846;0.04338753;0.04472098
709.14;0.76695305;0.044269044;0.04413777;0.043735437;0.04528161
709.62;0.77826977;0.044791467;0.045000087;0.044222303;0.046550333
710.1;0.7750011;0.044679403;0.04494178;0.043879677;0.046267204
710.59;0.7686281;0.044240914;0.04413542;0.04333663;0.04531009
711.07;0.7690453;0.0448478;0.044427086;0.0440362;0.04557546
711.56;0.7784376;0.044781577;0.04490696;0.044016555;0.04596869
712.04;0.7751747;0.04481909;0.04521897;0.044340104;0.046474144
712.52;0.76991653;0.045058917;0.045108225;0.044026624;0.04680074
713.01;0.7782976;0.045134984;0.045195766;0.04388721;0.046617884
713.49;0.78251135;0.04483939;0.044895682;0.044502825;0.04615875
713.97;0.7865421;0.04546492;0.045434147;0.044555135;0.046924807
714.46;0.79135484;0.045876205;0.046092026;0.044557553;0.047394067
714.94;0.80347633;0.046514515;0.046553794;0.04540248;0.048203863
715.43;0.80935854;0.047238804;0.046714127;0.045839664;0.04835544
715.91;0.83620363;0.04867552;0.049085293;0.047937654;0.049804926
716.39;0.849425;0.049822792;0.04975322;0.04898382;0.05144179
716.88;0.85895795;0.049824517;0.050191034;0.04899165;0.05210538
717.36;0.8704353;0.049851317;0.04961194;0.04909987;0.051949877
717.85;0.88864017;0.051752005;0.051319994;0.05018986;0.05204932
718.33;0.86264914;0.050914932;0.05052139;0.049590845;0.051916376
718.81;0.83325523;0.048299354;0.047760952;0.047418397;0.04960005
719.3;0.8040506;0.04622983;0.0466347;0.045767505;0.04779952
719.78;0.76035595;0.04484007;0.045224164;0.044182237;0.046446178
720.27;0.74113667;0.043302737;0.043304592;0.043288212;0.04466081
720.75;0.7050271;0.04071602;0.04049026;0.04032695;0.041863345
721.24;0.6954057;0.040840253;0.040136084;0.04007992;0.04213312
721.72;0.6972583;0.040907245;0.040820677;0.040549975;0.04197829
722.21;0.70935637;0.042137586;0.042337142;0.041211538;0.042837184
722.69;0.7458502;0.043457545;0.043587774;0.042846464;0.044586945
723.17;0.791945;0.0462516;0.045919154;0.04558588;0.047797192
723.66;0.81772435;0.04783697;0.047975864;0.047641944;0.04932526
724.14;0.81826514;0.048410777;0.048698314;0.04754396;0.049562614
724.63;0.8290623;0.048502617;0.048309814;0.04755986;0.04951458
725.11;0.8166594;0.047432706;0.048306044;0.046729356;0.048966862
725.6;0.79243666;0.04653241;0.04647851;0.04634609;0.04762692
726.08;0.7716302;0.045671493;0.04524118;0.04453555;0.04619436
726.57;0.7719127;0.045335118;0.04554743;0.04421652;0.0463885
727.05;0.77571255;0.045666073;0.045770794;0.045186177;0.046800748
727.54;0.7643954;0.044266656;0.04416758;0.042859938;0.04519187
728.02;0.76665974;0.045063917;0.04513769;0.044568364;0.046628047
728.51;0.7794023;0.04539124;0.045674898;0.044838052;0.0471838
728.99;0.7751112;0.044652604;0.044068728;0.0437556;0.045802668
729.48;0.7775838;0.04590549;0.046212867;0.045515038;0.047532383
729.96;0.7558831;0.04444367;0.04472343;0.04385665;0.04558944
730.45;0.7664155;0.04425759;0.044841085;0.044423882;0.046053324
730.93;0.7722942;0.044849083;0.04425386;0.043964025;0.04595348
731.42;0.743029;0.044610698;0.044561747;0.0429285;0.045721978
731.91;0.7495572;0.044071;0.043899845;0.042929992;0.04474491
732.39;0.73978776;0.04365681;0.043402117;0.043195568;0.04458172
732.88;0.72055405;0.042788498;0.04253581;0.042617656;0.04420703
733.36;0.7380993;0.04447867;0.04406695;0.043572806;0.045218375
733.85;0.7347257;0.04307857;0.043285776;0.042466592;0.04427403
734.33;0.7577661;0.043776255;0.044782072;0.043541316;0.045977656
734.82;0.76693684;0.045569897;0.044996295;0.044983547;0.047275044
735.3;0.76804465;0.044826902;0.044902664;0.04354606;0.046351004
735.79;0.78315926;0.046017874;0.046219174;0.045518547;0.047670357
736.28;0.79050815;0.046362203;0.046930283;0.04493507;0.048012912
736.76;0.78916854;0.045217842;0.04510816;0.044171672;0.04609216
737.25;0.78827035;0.046468426;0.04626361;0.04570851;0.04811937
737.73;0.7817403;0.045743667;0.04611567;0.045019284;0.04702092
738.22;0.7909118;0.04661561;0.047253177;0.046021562;0.047641978
738.7;0.78536206;0.04608401;0.04607705;0.04545889;0.047010068
739.19;0.78053653;0.045403745;0.04578047;0.04488415;0.047064126
739.68;0.78367513;0.045695577;0.04580967;0.044755165;0.047271475
740.16;0.77697253;0.046641123;0.046699762;0.04526714;0.0480897
740.65;0.7878154;0.046326805;0.045984242;0.044903655;0.047868803
741.14;0.791077;0.045723476;0.046065323;0.045419227;0.047581073
741.62;0.790626;0.046262015;0.04656487;0.045573846;0.04784545
742.11;0.783978;0.046097264;0.04615499;0.045807198;0.047533795
742.59;0.7855967;0.046570495;0.047013402;0.045709893;0.047315393
743.08;0.7803313;0.0469129;0.04612062;0.04531822;0.04706166
743.57;0.7895327;0.047086623;0.045865975;0.045504183;0.048076455
744.05;0.78923386;0.047716662;0.0473971;0.04653181;0.049092628
744.54;0.7945085;0.04688779;0.04748312;0.046493787;0.04809759
745.03;0.78984076;0.047214955;0.046898726;0.04610756;0.04819055
745.51;0.7964023;0.0469042;0.046993397;0.046369202;0.04809525
746;0.8020487;0.04684307;0.04744237;0.046500456;0.048758335
746.49;0.7897554;0.046777364;0.04655906;0.046043582;0.048145242
746.97;0.79463154;0.04647795;0.046319716;0.045876037;0.04744135
747.46;0.8054297;0.046946622;0.04772491;0.04649567;0.04914097
747.95;0.8253612;0.04832773;0.04836735;0.047346465;0.04981035
748.43;0.80544263;0.047856133;0.047300015;0.046346094;0.0489748
748.92;0.80707085;0.048249733;0.047508556;0.046484597;0.048855685
749.41;0.815191;0.048272274;0.04799166;0.04746825;0.048662957
749.89;0.8078324;0.048291963;0.04766962;0.047177114;0.048998084
750.38;0.81745183;0.047627077;0.04776648;0.047154587;0.04895899
750.87;0.80916876;0.048193093;0.047603313;0.046603598;0.04922317
751.35;0.8081699;0.047955163;0.047640957;0.0470653;0.049050644
751.84;0.82165384;0.048499223;0.049584184;0.047314364;0.050244853
752.33;0.8155191;0.048122328;0.04834786;0.047272086;0.049601205
752.82;0.8018221;0.04801428;0.04814026;0.04725287;0.049726784
753.3;0.8147955;0.047218088;0.047388583;0.04643581;0.04848122
753.79;0.81584734;0.047709502;0.048613098;0.047009688;0.050101403
754.28;0.81559753;0.048915334;0.048361283;0.04723533;0.049141098
754.76;0.82656354;0.049099643;0.04968651;0.048523284;0.050694317
755.25;0.82585776;0.048288047;0.048687343;0.04825636;0.05079306
755.74;0.81670105;0.04893903;0.04921421;0.04803432;0.050989285
756.23;0.82380855;0.04986782;0.0500041;0.04819709;0.050971612
756.71;0.83764637;0.050031465;0.050170805;0.04857469;0.051304538
757.2;0.83654076;0.04935573;0.04935124;0.04836417;0.050672013
757.69;0.8577083;0.049915623;0.05007768;0.049152263;0.052452046
758.18;0.90278643;0.051489998;0.052274957;0.050175324;0.05304892
758.66;0.985799;0.05734835;0.0573469;0.056511898;0.05872417
759.15;1.1033577;0.06576572;0.06693462;0.06539263;0.06829936
759.64;1.2261566;0.071297824;0.07289613;0.0716412;0.074953884
760.13;1.360182;0.08269945;0.08269853;0.080321126;0.083530955
760.62;1.457619;0.085086;0.08741514;0.08416161;0.08808109
761.1;1.3628559;0.082216285;0.08372372;0.08178888;0.08661599
761.59;1.1254029;0.0684688;0.06920403;0.067860276;0.07288289
762.08;0.8778948;0.054204173;0.05488975;0.053725936;0.055233672
762.57;0.7075629;0.044470645;0.04414996;0.043692823;0.044791564
763.06;0.6428881;0.041158944;0.041155618;0.040751573;0.04085263
763.54;0.6707292;0.04235684;0.043503497;0.041227642;0.044381283
764.03;0.69341785;0.04188157;0.044169486;0.04221027;0.04446266
764.52;0.6911339;0.04250123;0.042786025;0.041139435;0.04331251
765.01;0.63688713;0.038533073;0.039259918;0.037553668;0.03998057
765.5;0.6327823;0.038824793;0.038838964;0.03796232;0.04021755
765.98;0.61596626;0.03692268;0.036894973;0.03570738;0.037953038
766.47;0.64064;0.039290708;0.039714947;0.03806678;0.041315064
766.96;0.6526141;0.04095661;0.040551666;0.03945403;0.041528344
767.45;0.6636788;0.040351268;0.04158047;0.040245492;0.042128954
767.94;0.7013814;0.042451717;0.042515006;0.041254602;0.04316333
768.43;0.7206949;0.043043442;0.042507946;0.041947704;0.04452417
768.92;0.7432456;0.04215272;0.042441383;0.041942526;0.043485586
769.4;0.7748121;0.0465454;0.04679025;0.045938376;0.047931697
769.89;0.7980957;0.047729984;0.04678131;0.04612176;0.047759105
770.38;0.80261153;0.04842654;0.04789394;0.04861942;0.049468126
770.87;0.81245244;0.049062088;0.048577286;0.048130322;0.050508715
771.36;0.8356254;0.049329128;0.04887337;0.048291713;0.050589774
771.85;0.838041;0.051737286;0.050438825;0.049102265;0.051266707
772.34;0.8463715;0.05109345;0.050491594;0.049552977;0.052227456
772.83;0.860641;0.05199435;0.052452855;0.05191151;0.054336134
773.31;0.84576184;0.04967877;0.05005094;0.048977364;0.05096159
773.8;0.8475604;0.050181895;0.05032192;0.04972013;0.05106953
774.29;0.86440754;0.05083251;0.051358562;0.05024109;0.053299073
774.78;0.851391;0.051737625;0.05132602;0.050227374;0.05316782
775.27;0.85010487;0.05124002;0.050807424;0.050387137;0.05285476
775.76;0.85356104;0.051248975;0.051894423;0.050748274;0.05270212
776.25;0.8695562;0.05273913;0.05292778;0.05181871;0.053359292
776.74;0.8466773;0.04855133;0.0493364;0.04813066;0.05075457
777.23;0.8611431;0.050537236;0.050872367;0.0503039;0.052843835
777.72;0.8535824;0.05141758;0.050572727;0.050488926;0.053056106
778.21;0.8550879;0.051965773;0.05191374;0.05067323;0.052569434
778.69;0.85120213;0.048376653;0.047768727;0.046338446;0.04896144
779.18;0.8668176;0.05248172;0.051957592;0.05155845;0.05396701
779.67;0.86703676;0.052786265;0.051882796;0.051965058;0.05439568
780.16;0.8622775;0.051412694;0.051378433;0.050756983;0.052705113
780.65;0.86397463;0.05217828;0.05134959;0.050750393;0.053094007
781.14;0.8730343;0.052709013;0.052714713;0.05168463;0.053824987
781.63;0.86699617;0.051605027;0.05181155;0.051004235;0.053683303
782.12;0.8796281;0.053548977;0.053890407;0.053002723;0.055308413
782.61;0.86261386;0.05350195;0.053602118;0.05208072;0.054649122
783.1;0.8686885;0.05238689;0.051992107;0.051189363;0.0533798
783.59;0.8877273;0.053323776;0.053628888;0.051841732;0.055186007
784.08;0.8687326;0.053331967;0.053367864;0.052368954;0.05420195
784.57;0.8895896;0.05423552;0.054793753;0.053095028;0.055735923
785.06;0.8899474;0.053604502;0.05479558;0.05281354;0.056699075
785.55;0.88865477;0.054363873;0.054775212;0.05218256;0.05554249
786.04;0.8787302;0.052492637;0.053588156;0.051387474;0.054410983
786.53;0.89006007;0.053126816;0.05321855;0.052016888;0.05458528
787.02;0.8916197;0.05379692;0.053246837;0.052853532;0.055679217
787.51;0.89325;0.053422906;0.053903196;0.052310865;0.05433898
788;0.9014337;0.055373795;0.0539945;0.05315237;0.055568315
788.49;0.89255637;0.05439427;0.054075245;0.052521836;0.056436736
788.98;0.90416276;0.053941485;0.053554926;0.052629072;0.05654656
789.47;0.8939817;0.054244053;0.053477805;0.052984577;0.055690724
789.96;0.9099594;0.05517549;0.0552925;0.054975424;0.056221314
790.45;0.896732;0.05479907;0.054562066;0.053822193;0.05565525
790.94;0.896035;0.054654427;0.05409297;0.052529767;0.05574418
791.43;0.89095646;0.053268235;0.05371217;0.052526385;0.055250287
791.92;0.8941668;0.0540261;0.054563697;0.05337462;0.056033723
792.41;0.8937046;0.053722598;0.05389154;0.053153142;0.05546715
792.91;0.9082876;0.05653251;0.055832386;0.054554157;0.056928687
793.4;0.89445186;0.054797497;0.055294115;0.053997945;0.057072442
793.89;0.8927629;0.054256145;0.053933594;0.05367276;0.055967186
794.38;0.8949237;0.05452319;0.053899728;0.053507347;0.055775728
794.87;0.88879246;0.055081744;0.0551284;0.054489613;0.05633733
795.36;0.8878355;0.054024637;0.05492542;0.053152006;0.05624871
795.85;0.88947374;0.052121315;0.05355514;0.051452972;0.054460086
796.34;0.87093437;0.051986795;0.05247828;0.051223397;0.054079935
796.83;0.8852777;0.053741515;0.053672176;0.052883055;0.05502461
797.32;0.88099235;0.053204373;0.052262247;0.051135987;0.053244796
797.81;0.8905645;0.05363033;0.054181572;0.052737016;0.05612539
798.3;0.88856876;0.051677734;0.053086046;0.052410807;0.055828746
798.8;0.88545895;0.05309006;0.05312575;0.05316222;0.05523856
799.29;0.89472675;0.055213936;0.055156466;0.05447463;0.05651404
799.78;0.901155;0.054255154;0.055133723;0.053059094;0.05702394
800.27;0.90515214;0.05521491;0.055676647;0.052866027;0.057538565
800.76;0.9094014;0.05573693;0.057077877;0.05466061;0.05692761
801.25;0.9085007;0.055608783;0.05556341;0.05506816;0.057218395
801.74;0.899494;0.055038646;0.054174647;0.054383192;0.056293048
802.24;0.90101707;0.054069266;0.054860022;0.0535196;0.05727395
802.73;0.90376306;0.053544477;0.0549763;0.05303618;0.055912893
803.22;0.9017774;0.05573598;0.05603181;0.053828087;0.057214048
803.71;0.90371627;0.056401785;0.056367133;0.054992095;0.058420755
804.2;0.90245044;0.05594078;0.05565139;0.054241765;0.05721558
804.69;0.8967449;0.055592407;0.05492994;0.053571854;0.056621097
805.18;0.89882094;0.054193337;0.054578494;0.052937586;0.05718379
805.68;0.9021077;0.05589741;0.056704268;0.05543302;0.058854196
806.17;0.9022352;0.055976182;0.056689713;0.056483727;0.057689004
806.66;0.9058061;0.057357475;0.056838643;0.056469474;0.05730901
807.15;0.9077798;0.05662818;0.056608684;0.054823793;0.05750446
807.64;0.9204722;0.056870632;0.056510575;0.056094132;0.058437508
808.14;0.92122734;0.056136865;0.056745335;0.055790238;0.058214903
808.63;0.9315559;0.05760087;0.057989754;0.056832843;0.059514634
809.12;0.93419397;0.057703126;0.05794237;0.056003302;0.05773694
809.61;0.9430517;0.057335384;0.056609005;0.056597557;0.059013575
810.1;0.94624543;0.059196282;0.058873434;0.058186732;0.06086975
810.6;0.94648993;0.059534192;0.058721542;0.057742923;0.061034538
811.09;0.9599716;0.059794314;0.05963914;0.059012298;0.061750095
811.58;0.95589036;0.060629375;0.060040075;0.059104927;0.06060302
812.07;0.9619672;0.061515663;0.05950006;0.058795776;0.062751085
812.56;0.9752355;0.060175095;0.061044138;0.059438553;0.06322401
813.06;0.98660934;0.060321987;0.061320927;0.060098372;0.0632633
813.55;1.0013309;0.061043516;0.06300153;0.060577385;0.064636886
814.04;1.0222249;0.064328745;0.064068414;0.061907332;0.06537921
814.53;1.0206995;0.06365618;0.062971994;0.061862726;0.06580733
815.03;1.0083858;0.06346298;0.063460186;0.06291345;0.06489953
815.52;1.0023619;0.06393226;0.06445866;0.06345196;0.0651198
816.01;0.9766995;0.057474963;0.05795227;0.05718298;0.05808524
816.5;0.94981927;0.058141977;0.057022125;0.055270717;0.05795889
817;0.9454114;0.060570944;0.060255453;0.057904948;0.061216652
817.49;0.9290321;0.05855683;0.058047853;0.05780321;0.05980318
817.98;0.90915364;0.05404323;0.054119036;0.055134248;0.056745958
818.48;0.89799243;0.055188667;0.055936765;0.054263398;0.05741384
818.97;0.8679778;0.05316625;0.052951653;0.05254173;0.055150777
819.46;0.8699557;0.053946722;0.053872533;0.053095415;0.05551668
819.95;0.8761559;0.0555746;0.05507789;0.053508196;0.05631013
820.45;0.8460848;0.05334888;0.05336643;0.054132935;0.053982988
820.94;0.86006415;0.053989224;0.05491538;0.05379374;0.054846425
