20140811_1725523;temp=;34.77;IT=;80232;spec num=;1
1517;1523;1528;1521;1528;1521;1524;1521;1528;1524;1524;1523;1520;1528;1525;1529;1525;1529;1523;1526;1531;1534;1527;1530;1535;1526;1532;1535;1531;1533;1536;1530;1536;1537;1535;1539;1542;1537;1532;1534;1541;1540;1538;1542;1543;1547;1549;1542;1551;1551;1552;1552;1560;1551;1559;1557;1559;1563;1568;1570;1575;1573;1577;1578;1579;1587;1582;1595;1594;1594;1595;1594;1595;1594;1593;1584;1599;1597;1603;1605;1612;1610;1624;1627;1633;1641;1643;1641;1645;1644;1646;1648;1641;1644;1641;1631;1630;1634;1636;1648;1645;1669;1680;1688;1692;1701;1709;1712;1737;1751;1776;1788;1815;1831;1852;1848;1853;1831;1824;1829;1853;1893;1929;1976;2000;2009;2009;2052;2091;2175;2275;2375;2462;2528;2594;2644;2714;2724;2818;2870;2951;2975;3038;3109;3130;3217;3277;3373;3412;3486;3558;3676;3753;3772;3786;3836;3889;3903;3973;4080;4109;4186;4256;4293;4330;4349;4429;4487;4494;4587;4531;4576;4584;4511;4483;4487;4412;4464;4490;4450;4459;4414;4443;4392;4397;4365;4437;4477;4546;4566;4582;4594;4657;4669;4629;4674;4641;4566;4428;4293;4313;4399;4466;4633;4822;5006;4964;5013;5106;5223;5250;5403;5578;5692;5760;5702;5663;5689;5703;5728;5752;5901;6011;6079;6123;6215;6315;6295;6387;6410;6421;6471;6455;6540;6599;6758;6830;6945;7122;7181;7362;7460;7624;7677;7746;7766;7750;7634;7516;7494;7524;7470;7588;7533;7731;7648;7725;7796;7863;7775;7784;7788;7740;7843;7855;8026;8107;8159;8316;8265;8425;8428;8310;8358;8277;8127;8223;8202;8031;8062;7956;7929;7840;7936;7752;7639;7556;7563;7584;7656;7620;7591;7594;7592;7567;7699;7597;7662;7684;7658;7848;7846;8067;8292;8171;8290;8394;8611;8731;8971;8913;9013;9218;9209;9049;9047;9050;9086;8599;8477;8220;8156;8183;8214;8561;8658;8720;8836;8948;9170;9150;9031;9078;9133;9161;9219;9303;9670;9731;9933;9838;9997;10162;10422;10244;10228;10299;10437;10289;10251;10277;10126;10090;10076;10005;9972;10069;10070;10081;10171;10198;10317;10428;10423;10596;10539;10565;10598;10650;10675;10937;11026;11243;11288;11363;11420;11544;11521;11458;11513;11409;11341;11478;11246;11208;11058;11056;10717;10688;10897;11046;11248;11348;11556;11765;11847;11929;11920;12061;12043;12254;12147;12521;12483;12422;12130;12256;12065;12095;12196;12340;12587;12717;12888;12982;12913;13058;12971;12951;12710;12547;12584;12465;12521;12628;12586;12726;12579;12669;12423;12367;12449;12420;12184;12272;11876;11980;11840;11525;11687;11843;11905;11865;11893;11987;12122;12138;12247;12225;12056;12329;12088;12076;12160;12057;12297;12269;12166;12316;12267;12156;12003;12090;12054;11979;11882;11977;11970;11864;11795;11592;11510;11347;11351;11175;11211;11094;11156;11008;11132;11113;11222;11178;11282;11331;11261;11366;11430;11239;11469;11361;11406;11387;11396;11448;11398;11419;11255;11282;11245;11224;11207;11293;11264;11509;11494;11411;11402;11370;11400;11140;11104;11110;11092;11045;11025;10984;11030;10950;10909;11063;11074;11110;11244;11404;11194;11300;11481;11387;11600;11406;11513;11509;11428;11476;11391;11377;11253;10810;10818;10632;10665;10633;10784;11079;11070;11170;11148;11131;11226;11176;11223;11074;11152;11236;11267;11242;11248;11168;11234;11205;11230;11151;11177;11171;11292;11111;11210;11317;11388;11261;11328;11425;11330;11403;11500;11292;11521;11386;11220;11350;11307;11300;11397;11244;11230;11302;11319;11293;11154;11169;11147;11272;11215;11158;11043;11106;11004;11117;11184;11309;11085;11341;11424;11223;11222;11210;11246;11171;11006;10989;10965;10970;10825;10704;10828;10625;10652;10617;10556;10431;10385;10389;10275;10272;10172;10222;10337;10287;10312;10152;10352;10306;10197;10448;10350;10330;10408;10439;10478;10470;10389;10523;10542;10598;10426;10325;10412;10396;10250;10325;10238;10365;10272;10256;10170;10105;10086;9951;9784;9746;9587;9536;9514;9310;9347;9322;9330;9372;9257;9326;9370;9403;9228;9298;9228;9200;8976;8753;8674;8413;8460;8595;8731;8923;8991;9124;9227;9171;9305;9274;9381;9330;9429;9313;9303;9242;9292;9336;9224;9268;9151;9222;9245;9132;9168;9179;9067;9058;8907;9017;8964;8921;8859;8806;8911;8785;8812;8660;8707;8665;8635;8664;8585;8554;8589;8490;8457;8420;8389;8418;8366;8281;8299;8234;8195;8155;8191;8079;8064;7870;7735;7562;7235;7009;6819;6828;6777;6849;6912;6976;7053;7102;7083;7092;7155;7041;7027;6981;6970;6903;7062;7063;7137;7233;7251;7241;7204;7136;7080;7052;6911;6876;6941;6898;6903;6828;6594;6612;6614;6883;6958;6926;6964;6966;6987;6954;6965;6887;6963;6989;6902;6861;6874;6866;6846;6788;6771;6734;6692;6623;6531;6389;6279;6016;5798;5552;5294;5086;4959;4871;4843;4931;5006;5219;5393;5452;5520;5473;5323;5191;5159;5058;5068;5011;5051;5052;5046;5052;5056;5041;5023;5047;5078;5132;5145;5252;5349;5425;5575;5605;5692;5675;5636;5661;5664;5573;5667;5582;5648;5623;5658;5641;5606;5666;5641;5629;5654;5657;5654;5651;5658;5651;5688;5675;5689;5631;5681;5651;5640;5520;5579;5548;5493;5499;5458;5434;5440;5408;5400;5404;5334;5370;5359;5293;5281;5256;5251;5215;5136;4992;4731;4370;3950;3558;3246;3028;2925;2913;2981;3048;3135;3207;3326;3457;3643;3779;3978;4136;4262;4426;4520;4597;4656;4672;4688;4718;4752;4682;4685;4679;4675;4700;4635;4635;4653;4660;4599;4594;4618;4566;4579;4523;4539;4470;4519;4464;4444;4448;4422;4402;4421;4394;4322;4358;4307;4275;4235;4234;4191;4190;4125;4082;4068;4045;3994;3976;3955;3931;3942;3897;3873;3864;3862;3843;3815;3789;3795;3785;3795;3786;3769;3761;3749;3739;3751;3743;3699;3692;3673;3654;3637;3631;3605;3609;3605;3601;3604;3594;3592;3594;3565;3543;3501;3473;3441;3406;3355;3324;3282;3219;3173;3112;3050;2993;2934;2877;2860;2826;2809;2804;2793;2810;2833;2851;2884;2908;2956;2959;2960;2918;2892;2871;2866;
2048 bytes written
20140811_1725538;temp=;34.77;IT=;80232;spec num=;2
1517;1522;1525;1526;1523;1517;1525;1519;1525;1524;1523;1524;1524;1525;1524;1524;1527;1528;1523;1530;1529;1532;1529;1530;1535;1525;1534;1534;1528;1536;1534;1531;1539;1535;1537;1543;1542;1539;1533;1539;1538;1538;1541;1542;1544;1547;1549;1550;1553;1551;1553;1553;1556;1561;1558;1555;1559;1566;1572;1571;1571;1575;1577;1578;1580;1586;1591;1591;1595;1597;1591;1597;1594;1596;1593;1585;1600;1593;1596;1607;1612;1610;1623;1629;1631;1641;1645;1639;1647;1645;1644;1640;1644;1639;1639;1630;1633;1631;1631;1646;1644;1667;1679;1692;1690;1698;1710;1709;1730;1747;1771;1783;1808;1828;1842;1848;1847;1833;1822;1827;1845;1881;1926;1973;1995;2007;2002;2046;2087;2175;2272;2367;2459;2524;2594;2635;2703;2722;2808;2859;2944;2967;3027;3094;3122;3213;3267;3368;3402;3480;3543;3653;3740;3758;3784;3827;3871;3898;3958;4056;4084;4168;4242;4278;4316;4322;4401;4471;4484;4571;4510;4564;4567;4489;4457;4463;4403;4442;4470;4435;4447;4413;4426;4381;4377;4351;4419;4465;4530;4549;4564;4579;4638;4661;4622;4663;4618;4548;4410;4270;4298;4389;4446;4623;4808;4984;4949;4990;5089;5206;5226;5382;5559;5670;5731;5684;5636;5672;5679;5712;5724;5883;5979;6059;6100;6189;6297;6267;6343;6396;6386;6441;6428;6508;6569;6741;6786;6911;7089;7138;7338;7425;7585;7639;7706;7718;7712;7597;7480;7466;7490;7431;7555;7512;7712;7605;7681;7760;7829;7757;7752;7744;7692;7797;7818;7976;8067;8138;8274;8224;8389;8386;8275;8307;8231;8082;8181;8155;7991;8026;7921;7874;7807;7896;7706;7592;7521;7520;7548;7618;7588;7554;7557;7548;7528;7659;7561;7634;7652;7634;7811;7795;8031;8249;8129;8249;8341;8558;8686;8919;8855;8970;9182;9157;9018;8995;9002;9042;8540;8430;8186;8115;8137;8171;8506;8619;8679;8785;8903;9112;9104;8972;9031;9093;9118;9161;9253;9625;9689;9881;9799;9952;10111;10363;10193;10174;10234;10371;10217;10186;10218;10072;10033;10024;9948;9903;10005;10014;10016;10121;10154;10268;10381;10368;10544;10487;10507;10536;10592;10631;10877;10959;11164;11209;11282;11355;11460;11456;11392;11451;11351;11279;11415;11192;11127;10985;10977;10643;10622;10833;10976;11172;11277;11494;11688;11768;11863;11865;11996;11979;12191;12087;12463;12406;12352;12058;12199;12008;12036;12130;12266;12530;12636;12810;12915;12832;12983;12888;12878;12647;12477;12514;12402;12424;12561;12513;12644;12469;12565;12300;12286;12386;12345;12125;12215;11815;11934;11780;11473;11626;11780;11848;11809;11811;11910;12047;12068;12157;12128;11969;12233;11997;11986;12091;11984;12225;12188;12088;12218;12181;12077;11915;12012;11980;11907;11811;11892;11894;11801;11729;11514;11460;11275;11291;11117;11145;11034;11091;10965;11076;11061;11150;11115;11207;11253;11197;11289;11357;11185;11398;11290;11308;11311;11304;11352;11314;11346;11189;11180;11160;11134;11125;11203;11153;11385;11392;11307;11307;11293;11323;11068;11015;11034;11036;10971;10959;10919;10953;10891;10856;11004;11011;11054;11147;11320;11129;11192;11390;11321;11520;11317;11426;11412;11329;11400;11319;11286;11185;10758;10775;10576;10618;10597;10716;10983;10980;11088;11083;11052;11136;11096;11150;11002;11068;11148;11178;11157;11164;11069;11142;11122;11145;11085;11122;11116;11210;11022;11134;11245;11309;11175;11247;11327;11252;11325;11402;11209;11445;11303;11140;11272;11233;11223;11317;11145;11142;11228;11252;11243;11103;11123;11095;11219;11148;11107;10965;11017;10913;10998;11087;11220;10987;11270;11319;11152;11138;11145;11195;11108;10939;10910;10902;10899;10757;10626;10762;10561;10595;10553;10489;10366;10345;10345;10209;10190;10086;10147;10275;10231;10247;10092;10280;10219;10121;10374;10290;10270;10348;10364;10407;10393;10309;10453;10482;10539;10368;10289;10353;10334;10199;10279;10166;10285;10180;10166;10090;10024;10042;9887;9725;9680;9515;9470;9462;9246;9297;9269;9262;9299;9184;9248;9304;9359;9175;9250;9163;9132;8923;8708;8630;8370;8411;8551;8696;8880;8939;9085;9208;9138;9242;9215;9316;9274;9358;9258;9251;9183;9248;9291;9188;9227;9090;9157;9173;9074;9105;9121;9028;9007;8861;8962;8914;8871;8800;8761;8870;8758;8801;8661;8674;8633;8597;8625;8545;8506;8532;8452;8428;8378;8343;8375;8324;8234;8259;8201;8142;8093;8125;8016;8018;7816;7687;7502;7178;6965;6780;6806;6754;6828;6887;6960;7034;7071;7049;7050;7127;6979;6978;6924;6915;6872;7016;7019;7100;7190;7220;7202;7151;7084;7044;7020;6872;6836;6893;6845;6837;6768;6537;6581;6588;6851;6931;6896;6931;6916;6947;6922;6921;6848;6905;6936;6858;6835;6839;6839;6801;6755;6749;6688;6646;6588;6483;6357;6248;5976;5762;5527;5272;5055;4935;4851;4821;4912;4975;5195;5366;5431;5504;5453;5289;5163;5116;5021;5024;4977;5021;5015;5009;5013;5040;5013;4992;5028;5044;5118;5126;5216;5315;5387;5551;5578;5676;5660;5595;5624;5638;5542;5650;5549;5632;5604;5632;5622;5578;5640;5613;5600;5620;5631;5618;5629;5617;5617;5649;5651;5677;5609;5654;5631;5618;5498;5543;5514;5454;5455;5408;5378;5399;5367;5362;5369;5316;5343;5336;5275;5260;5234;5225;5177;5113;4959;4705;4352;3943;3547;3236;3020;2916;2903;2964;3038;3123;3201;3316;3434;3627;3762;3962;4105;4232;4390;4477;4557;4620;4630;4660;4686;4719;4664;4669;4659;4646;4682;4636;4607;4621;4620;4561;4556;4580;4525;4540;4499;4510;4439;4485;4435;4410;4419;4384;4375;4385;4354;4278;4319;4264;4246;4191;4205;4159;4168;4099;4043;4030;4006;3955;3951;3933;3906;3911;3871;3867;3855;3858;3841;3813;3784;3795;3782;3774;3761;3745;3735;3730;3717;3728;3717;3683;3672;3649;3629;3610;3616;3601;3603;3592;3590;3597;3582;3578;3581;3563;3538;3489;3472;3440;3397;3346;3309;3260;3207;3161;3101;3035;2985;2920;2862;2848;2822;2806;2797;2794;2799;2826;2850;2885;2911;2948;2957;2946;2902;2879;2861;2854;
2048 bytes written
20140811_1725551;temp=;34.77;IT=;80232;spec num=;3
1520;1520;1526;1523;1521;1520;1524;1525;1528;1527;1521;1523;1524;1527;1525;1527;1526;1524;1525;1528;1531;1534;1531;1528;1534;1528;1530;1531;1530;1536;1536;1528;1537;1538;1537;1537;1540;1541;1537;1538;1543;1543;1541;1544;1545;1545;1548;1549;1549;1550;1552;1558;1558;1560;1558;1561;1560;1565;1567;1576;1576;1574;1576;1582;1583;1582;1590;1591;1593;1595;1597;1594;1599;1599;1597;1582;1598;1597;1603;1604;1613;1617;1628;1632;1633;1638;1647;1648;1644;1641;1650;1649;1646;1644;1637;1633;1633;1631;1634;1652;1649;1672;1675;1688;1696;1703;1715;1716;1736;1755;1771;1787;1817;1833;1852;1849;1853;1831;1829;1831;1852;1888;1929;1982;1992;2014;2005;2048;2096;2172;2276;2377;2472;2535;2598;2649;2724;2739;2816;2874;2958;2987;3044;3113;3139;3224;3285;3385;3414;3494;3567;3669;3757;3786;3799;3851;3895;3908;3983;4092;4119;4204;4271;4307;4339;4346;4427;4499;4501;4604;4552;4591;4595;4511;4490;4495;4424;4475;4502;4464;4476;4444;4448;4397;4410;4379;4444;4487;4557;4580;4600;4606;4665;4695;4646;4692;4646;4571;4447;4306;4332;4408;4476;4656;4832;5019;4983;5025;5120;5233;5266;5418;5606;5705;5768;5728;5686;5717;5715;5753;5769;5924;6025;6105;6152;6232;6336;6307;6405;6432;6436;6488;6477;6562;6632;6778;6846;6972;7147;7203;7392;7479;7646;7701;7765;7787;7779;7663;7538;7521;7557;7493;7609;7566;7761;7682;7752;7837;7895;7824;7812;7808;7761;7882;7881;8040;8142;8195;8339;8285;8455;8466;8339;8384;8307;8150;8258;8237;8068;8098;7996;7948;7875;7972;7782;7664;7583;7592;7618;7683;7660;7618;7620;7609;7593;7730;7616;7702;7718;7701;7876;7870;8100;8327;8198;8318;8428;8646;8763;8988;8950;9059;9262;9242;9087;9087;9100;9136;8636;8507;8260;8187;8223;8259;8597;8699;8755;8868;8991;9201;9189;9057;9112;9184;9198;9253;9336;9709;9774;9974;9888;10045;10207;10460;10287;10275;10341;10490;10319;10280;10336;10181;10145;10125;10045;10007;10114;10118;10118;10212;10236;10359;10472;10468;10637;10586;10613;10644;10694;10737;10985;11076;11277;11327;11415;11464;11578;11566;11519;11574;11477;11401;11552;11314;11264;11129;11118;10790;10742;10964;11124;11303;11403;11624;11814;11903;11985;11961;12110;12109;12304;12200;12573;12540;12475;12169;12321;12126;12164;12252;12401;12663;12766;12934;13032;12954;13116;13039;13028;12779;12619;12660;12526;12585;12711;12641;12766;12612;12718;12488;12429;12521;12496;12254;12343;11953;12057;11915;11604;11759;11906;11981;11943;11959;12043;12170;12215;12304;12283;12120;12394;12148;12137;12233;12138;12368;12330;12230;12387;12339;12235;12081;12179;12136;12054;11978;12046;12041;11937;11869;11654;11594;11416;11408;11249;11269;11167;11233;11086;11199;11187;11267;11231;11344;11376;11320;11428;11492;11299;11524;11414;11463;11459;11466;11512;11466;11502;11324;11315;11302;11291;11272;11364;11310;11552;11561;11462;11444;11411;11438;11194;11161;11171;11162;11107;11097;11051;11088;11005;10950;11125;11137;11177;11305;11455;11274;11355;11554;11476;11673;11471;11602;11601;11517;11571;11496;11457;11323;10881;10899;10702;10757;10726;10872;11169;11165;11259;11244;11208;11292;11238;11288;11126;11195;11289;11320;11289;11302;11234;11310;11275;11293;11221;11259;11254;11374;11178;11284;11382;11473;11326;11388;11492;11402;11483;11546;11339;11605;11453;11295;11415;11368;11351;11461;11293;11280;11354;11399;11370;11237;11248;11221;11355;11284;11229;11100;11171;11072;11172;11246;11366;11138;11432;11492;11291;11293;11286;11330;11263;11076;11050;11018;11010;10868;10745;10903;10699;10718;10682;10636;10476;10460;10462;10313;10319;10217;10270;10375;10346;10356;10196;10413;10366;10282;10521;10422;10396;10472;10513;10543;10538;10455;10570;10599;10655;10489;10403;10490;10469;10316;10420;10311;10424;10328;10322;10237;10173;10159;10018;9863;9822;9646;9593;9594;9395;9444;9401;9400;9437;9332;9393;9439;9466;9295;9358;9286;9268;9039;8831;8742;8485;8516;8653;8793;9001;9051;9188;9304;9265;9376;9351;9474;9411;9513;9396;9377;9319;9384;9415;9283;9347;9218;9310;9323;9205;9238;9254;9138;9127;8981;9072;9036;8996;8920;8876;8981;8851;8884;8733;8766;8731;8715;8733;8652;8611;8651;8576;8534;8499;8450;8468;8412;8337;8369;8324;8263;8219;8250;8146;8148;7947;7808;7616;7286;7070;6872;6885;6845;6916;6984;7060;7130;7182;7157;7168;7237;7089;7080;7026;7034;6972;7134;7133;7223;7303;7330;7310;7270;7205;7146;7122;6978;6928;7000;6955;6963;6888;6646;6678;6682;6954;7032;6998;7031;7028;7059;7018;7020;6966;7028;7061;6967;6913;6937;6937;6906;6871;6853;6803;6760;6705;6603;6462;6358;6082;5859;5610;5355;5137;4996;4913;4872;4967;5042;5260;5450;5513;5579;5513;5372;5248;5201;5112;5110;5067;5098;5095;5100;5104;5116;5101;5071;5105;5134;5188;5189;5289;5391;5468;5630;5644;5726;5719;5674;5701;5713;5625;5720;5633;5705;5675;5709;5700;5655;5716;5693;5682;5700;5716;5712;5723;5721;5709;5734;5736;5750;5688;5724;5710;5697;5579;5632;5608;5550;5570;5528;5503;5515;5469;5458;5458;5390;5416;5406;5346;5329;5310;5311;5267;5191;5029;4781;4427;4008;3598;3270;3054;2946;2934;2993;3067;3157;3236;3351;3476;3676;3811;4017;4173;4309;4463;4566;4636;4707;4718;4731;4755;4790;4721;4727;4724;4709;4734;4678;4674;4690;4697;4635;4621;4651;4594;4617;4576;4581;4525;4560;4503;4485;4483;4446;4433;4453;4430;4360;4391;4340;4314;4252;4251;4223;4212;4157;4109;4104;4084;4031;4022;4001;3982;3985;3944;3919;3901;3912;3893;3859;3839;3850;3836;3831;3817;3801;3787;3783;3766;3768;3765;3737;3720;3704;3682;3664;3663;3649;3643;3631;3626;3638;3626;3628;3621;3602;3579;3529;3509;3472;3427;3384;3346;3305;3258;3212;3149;3085;3023;2957;2895;2874;2845;2832;2828;2814;2829;2855;2880;2908;2934;2974;2990;2984;2933;2911;2891;2888;
2048 bytes written
20140811_1725564;temp=;34.89;IT=;80232;spec num=;4
1517;1525;1524;1523;1522;1518;1520;1519;1527;1526;1522;1522;1518;1526;1525;1526;1522;1526;1527;1525;1530;1531;1527;1532;1537;1524;1533;1534;1530;1540;1530;1532;1538;1539;1533;1536;1545;1539;1530;1539;1537;1536;1538;1541;1542;1543;1547;1546;1549;1549;1546;1555;1557;1553;1559;1558;1556;1565;1570;1569;1574;1573;1576;1577;1579;1585;1589;1586;1595;1594;1593;1595;1592;1599;1593;1581;1597;1595;1602;1609;1612;1609;1620;1628;1635;1640;1645;1641;1643;1646;1647;1644;1644;1640;1637;1626;1631;1630;1630;1649;1644;1668;1677;1690;1691;1703;1711;1708;1735;1753;1767;1782;1809;1837;1849;1846;1846;1829;1823;1827;1844;1885;1929;1979;1989;2002;2006;2045;2092;2166;2276;2373;2460;2528;2586;2636;2705;2715;2802;2858;2943;2964;3023;3100;3125;3209;3270;3366;3394;3470;3539;3651;3738;3759;3772;3815;3867;3890;3952;4058;4091;4155;4241;4275;4309;4318;4404;4461;4464;4571;4513;4552;4556;4476;4452;4469;4389;4445;4472;4431;4434;4400;4427;4363;4373;4343;4414;4456;4525;4547;4557;4570;4633;4658;4609;4650;4602;4536;4408;4277;4298;4392;4448;4623;4799;4973;4934;4980;5078;5186;5223;5372;5545;5662;5720;5668;5625;5653;5671;5706;5710;5875;5978;6054;6098;6179;6279;6259;6346;6367;6377;6431;6421;6503;6564;6731;6782;6908;7074;7115;7323;7411;7569;7628;7687;7713;7694;7583;7465;7458;7478;7423;7539;7499;7688;7608;7672;7748;7818;7749;7736;7730;7683;7788;7806;7970;8048;8097;8262;8198;8368;8370;8268;8296;8224;8057;8153;8141;7981;8013;7906;7859;7787;7894;7695;7582;7512;7519;7544;7595;7571;7540;7535;7532;7515;7651;7545;7629;7636;7621;7788;7792;8009;8234;8124;8248;8342;8556;8674;8911;8857;8967;9166;9149;9012;8983;8986;9034;8538;8420;8182;8114;8136;8166;8496;8591;8668;8782;8874;9098;9089;8972;9020;9077;9102;9164;9236;9610;9672;9858;9793;9940;10105;10344;10166;10154;10219;10373;10204;10179;10214;10065;10018;10016;9943;9906;10000;10004;10024;10091;10119;10243;10348;10350;10526;10470;10491;10523;10573;10612;10852;10931;11159;11210;11290;11355;11456;11445;11382;11436;11342;11281;11408;11175;11110;10978;10960;10635;10622;10831;10981;11163;11279;11482;11685;11773;11850;11857;12009;12001;12194;12083;12450;12410;12356;12067;12193;12010;12039;12117;12261;12523;12645;12802;12908;12823;12971;12892;12886;12658;12470;12499;12385;12443;12563;12524;12651;12486;12584;12346;12313;12391;12369;12103;12202;11808;11929;11793;11480;11641;11797;11864;11828;11840;11914;12054;12077;12165;12136;11985;12253;12023;11995;12101;11980;12219;12188;12092;12209;12181;12062;11905;12009;11993;11916;11809;11890;11903;11807;11731;11517;11464;11292;11291;11103;11132;11018;11085;10945;11072;11064;11144;11110;11210;11239;11185;11301;11346;11170;11385;11275;11330;11327;11321;11380;11314;11353;11194;11220;11184;11169;11164;11244;11216;11450;11441;11350;11352;11298;11322;11057;11023;11038;11035;10963;10948;10928;10955;10887;10847;10999;10988;11046;11172;11304;11130;11204;11410;11333;11524;11319;11429;11443;11389;11426;11341;11326;11205;10769;10801;10589;10622;10590;10735;11007;10997;11088;11085;11057;11158;11113;11173;11018;11112;11186;11215;11178;11183;11110;11168;11162;11166;11099;11144;11119;11235;11036;11142;11262;11324;11193;11272;11365;11283;11357;11426;11201;11465;11306;11151;11300;11262;11253;11339;11187;11166;11242;11262;11240;11116;11130;11107;11240;11160;11116;10980;11032;10940;11037;11106;11231;10999;11266;11365;11152;11163;11172;11230;11138;10962;10952;10930;10915;10757;10623;10754;10589;10624;10566;10524;10377;10346;10370;10242;10247;10126;10180;10295;10252;10281;10124;10328;10265;10187;10423;10339;10313;10377;10413;10449;10432;10355;10503;10522;10587;10408;10328;10394;10380;10217;10320;10209;10342;10245;10236;10152;10091;10063;9917;9747;9734;9571;9497;9507;9319;9377;9331;9315;9340;9233;9303;9344;9380;9196;9266;9187;9180;8954;8732;8662;8399;8434;8579;8712;8892;8949;9093;9196;9166;9285;9266;9374;9317;9439;9320;9311;9222;9311;9347;9223;9275;9142;9220;9246;9129;9168;9166;9062;9040;8890;8976;8915;8869;8815;8769;8891;8761;8786;8647;8691;8651;8615;8632;8574;8530;8565;8483;8446;8406;8360;8374;8336;8274;8295;8240;8185;8150;8185;8067;8055;7861;7738;7550;7214;6985;6793;6819;6758;6828;6891;6965;7057;7104;7097;7118;7179;7041;7028;6979;6970;6906;7048;7066;7145;7229;7258;7252;7208;7138;7093;7059;6921;6875;6931;6866;6891;6819;6572;6592;6613;6872;6950;6919;6960;6944;6981;6939;6945;6879;6952;6989;6895;6859;6875;6883;6862;6813;6779;6730;6696;6635;6545;6426;6306;6037;5818;5572;5309;5089;4954;4877;4845;4942;5016;5245;5422;5487;5542;5484;5329;5204;5156;5069;5058;5012;5045;5034;5035;5061;5065;5057;5027;5068;5093;5146;5144;5242;5352;5432;5584;5597;5676;5671;5626;5658;5664;5587;5691;5596;5657;5633;5655;5633;5587;5656;5640;5631;5642;5667;5652;5652;5659;5646;5679;5682;5705;5647;5692;5664;5635;5527;5584;5542;5487;5496;5450;5424;5444;5411;5399;5396;5329;5366;5368;5302;5285;5268;5256;5213;5140;4975;4719;4366;3952;3561;3243;3028;2930;2919;2986;3062;3149;3216;3337;3455;3651;3774;3975;4136;4264;4424;4507;4582;4649;4671;4694;4712;4748;4682;4701;4689;4674;4698;4650;4620;4651;4653;4601;4602;4615;4566;4588;4542;4556;4494;4530;4478;4455;4460;4418;4397;4409;4392;4312;4346;4292;4265;4220;4226;4188;4191;4125;4074;4054;4036;3983;3981;3963;3943;3944;3906;3891;3873;3880;3860;3837;3797;3807;3806;3799;3799;3784;3766;3769;3754;3759;3749;3707;3705;3686;3670;3651;3633;3617;3626;3617;3619;3617;3607;3610;3606;3589;3557;3511;3502;3472;3411;3359;3330;3287;3222;3183;3127;3047;2993;2933;2876;2858;2826;2816;2816;2813;2818;2842;2863;2904;2926;2967;2980;2971;2919;2902;2876;2872;
2048 bytes written
20140811_1725577;temp=;34.89;IT=;80232;spec num=;5
1518;1520;1523;1522;1519;1519;1527;1524;1528;1527;1518;1517;1524;1527;1522;1523;1524;1525;1525;1529;1530;1535;1530;1524;1530;1523;1534;1533;1530;1538;1533;1536;1533;1536;1535;1541;1541;1540;1533;1538;1540;1543;1544;1543;1549;1547;1548;1548;1553;1549;1548;1554;1559;1556;1556;1559;1561;1566;1569;1569;1570;1571;1575;1579;1581;1584;1585;1589;1593;1596;1596;1594;1596;1599;1592;1580;1594;1598;1602;1602;1609;1611;1621;1623;1628;1639;1641;1643;1643;1643;1648;1641;1640;1641;1636;1630;1631;1633;1632;1645;1644;1666;1677;1688;1692;1701;1710;1709;1737;1750;1770;1781;1811;1830;1848;1844;1843;1826;1821;1825;1842;1883;1925;1974;1987;2003;2001;2042;2085;2159;2268;2365;2453;2514;2578;2626;2692;2705;2792;2845;2928;2953;3016;3079;3108;3198;3251;3351;3384;3451;3528;3636;3718;3744;3749;3804;3847;3866;3933;4043;4063;4141;4217;4252;4290;4294;4383;4443;4436;4531;4481;4528;4534;4455;4424;4434;4362;4411;4432;4404;4410;4378;4393;4345;4345;4315;4387;4430;4495;4523;4529;4541;4609;4628;4582;4624;4581;4510;4380;4245;4259;4350;4418;4595;4768;4943;4902;4949;5044;5164;5186;5338;5511;5619;5684;5638;5598;5622;5633;5676;5686;5827;5933;6009;6059;6134;6237;6208;6298;6333;6342;6387;6368;6458;6515;6675;6731;6863;7037;7086;7284;7357;7524;7581;7637;7659;7644;7542;7415;7391;7420;7370;7483;7441;7637;7553;7613;7688;7756;7691;7679;7676;7626;7740;7750;7904;7990;8052;8191;8143;8315;8305;8193;8236;8170;8015;8101;8092;7921;7949;7848;7804;7725;7836;7639;7528;7449;7460;7489;7544;7511;7484;7474;7472;7454;7592;7493;7571;7579;7570;7740;7736;7959;8185;8062;8195;8272;8490;8604;8833;8783;8885;9092;9074;8932;8917;8920;8965;8482;8354;8113;8042;8073;8107;8438;8544;8597;8717;8817;9032;9031;8890;8956;9022;9037;9088;9178;9544;9603;9787;9708;9862;10013;10281;10096;10093;10147;10294;10130;10092;10139;9995;9942;9936;9860;9831;9924;9940;9936;10024;10043;10156;10270;10261;10435;10387;10409;10435;10494;10519;10766;10860;11071;11113;11200;11254;11367;11342;11297;11356;11245;11181;11319;11095;11030;10905;10892;10565;10536;10743;10895;11086;11182;11387;11592;11669;11757;11762;11893;11867;12078;11976;12348;12298;12244;11948;12089;11894;11931;12009;12143;12398;12517;12684;12778;12712;12857;12788;12756;12513;12349;12392;12282;12318;12441;12379;12507;12368;12452;12222;12183;12276;12231;11996;12087;11693;11803;11659;11355;11510;11664;11733;11697;11708;11804;11923;11947;12049;12038;11886;12159;11917;11885;11986;11894;12113;12097;11976;12108;12086;11959;11814;11914;11873;11800;11715;11790;11780;11695;11612;11401;11328;11161;11173;10997;11033;10931;10991;10849;10968;10966;11051;11003;11109;11138;11073;11183;11244;11073;11271;11167;11208;11205;11220;11261;11222;11233;11087;11088;11062;11049;11046;11119;11073;11304;11312;11213;11223;11191;11211;10975;10932;10938;10944;10866;10863;10817;10850;10789;10750;10900;10916;10966;11072;11225;11029;11106;11300;11213;11431;11222;11337;11328;11261;11308;11226;11202;11095;10662;10680;10482;10523;10497;10629;10916;10909;11010;10990;10963;11044;11004;11055;10901;10972;11067;11102;11061;11068;10998;11067;11060;11054;10992;11025;11011;11130;10943;11031;11146;11228;11092;11156;11242;11158;11233;11317;11095;11344;11215;11064;11189;11140;11124;11226;11053;11042;11111;11137;11118;10986;11009;10974;11127;11047;10998;10862;10932;10843;10920;10998;11115;10893;11170;11241;11049;11053;11047;11110;11036;10854;10846;10803;10801;10660;10540;10674;10477;10502;10458;10398;10272;10234;10238;10100;10095;9993;10052;10146;10119;10139;9973;10204;10136;10039;10291;10192;10163;10234;10263;10304;10290;10216;10355;10378;10448;10273;10191;10259;10235;10113;10183;10080;10209;10118;10106;10026;9958;9954;9816;9642;9614;9435;9398;9387;9173;9224;9195;9192;9214;9112;9173;9227;9267;9092;9159;9099;9068;8852;8631;8542;8291;8331;8468;8591;8786;8859;8974;9091;9044;9162;9145;9252;9197;9286;9183;9167;9091;9160;9200;9084;9135;9010;9082;9093;8977;9018;9030;8933;8926;8781;8872;8820;8777;8704;8676;8775;8648;8684;8532;8578;8535;8513;8536;8461;8431;8454;8360;8341;8300;8254;8299;8253;8167;8185;8137;8079;8037;8068;7957;7961;7765;7629;7448;7122;6910;6714;6723;6675;6748;6824;6869;6948;6989;6983;6998;7061;6920;6911;6858;6860;6806;6957;6964;7043;7136;7172;7150;7108;7046;7003;6956;6818;6772;6837;6801;6812;6736;6511;6537;6536;6791;6868;6841;6884;6872;6899;6853;6860;6798;6857;6893;6810;6778;6778;6767;6754;6709;6689;6644;6597;6541;6441;6296;6195;5941;5730;5486;5232;5020;4894;4823;4787;4867;4946;5165;5324;5402;5454;5392;5256;5124;5090;4997;4993;4946;4976;4979;4978;4993;4996;4977;4965;4988;5023;5091;5086;5185;5291;5369;5519;5531;5627;5601;5553;5582;5594;5505;5602;5504;5585;5553;5595;5583;5536;5591;5572;5566;5577;5586;5586;5590;5583;5575;5597;5601;5617;5554;5597;5570;5559;5443;5503;5471;5422;5421;5384;5356;5363;5326;5321;5323;5256;5289;5285;5231;5209;5195;5185;5132;5069;4920;4670;4326;3918;3523;3208;3005;2897;2893;2953;3027;3103;3175;3302;3415;3605;3731;3935;4083;4219;4374;4462;4538;4598;4611;4622;4664;4691;4629;4625;4623;4613;4630;4590;4573;4590;4598;4548;4540;4550;4502;4513;4466;4480;4425;4465;4407;4381;4386;4351;4332;4348;4325;4252;4286;4242;4217;4171;4175;4134;4137;4082;4025;4013;3995;3939;3932;3915;3890;3896;3849;3838;3820;3827;3812;3786;3758;3777;3764;3762;3740;3732;3722;3711;3697;3707;3692;3654;3642;3624;3611;3595;3584;3574;3576;3569;3559;3568;3555;3552;3550;3522;3498;3469;3442;3419;3371;3320;3293;3251;3195;3147;3099;3022;2972;2910;2851;2836;2801;2783;2782;2771;2789;2809;2834;2864;2885;2930;2935;2927;2883;2862;2847;2841;
2048 bytes written
20140811_1726096;temp=;35.13;IT=;80232;spec num=;6
1508;1510;1513;1513;1509;1508;1511;1513;1514;1513;1510;1508;1508;1517;1510;1511;1511;1512;1515;1515;1512;1514;1518;1517;1517;1515;1517;1516;1513;1524;1520;1519;1524;1525;1516;1520;1524;1526;1517;1524;1523;1523;1525;1524;1526;1529;1530;1530;1531;1535;1532;1535;1536;1534;1530;1534;1538;1540;1545;1544;1548;1547;1544;1548;1550;1552;1548;1552;1557;1555;1556;1553;1559;1555;1552;1540;1557;1553;1553;1552;1563;1559;1567;1567;1567;1571;1569;1570;1570;1568;1566;1568;1566;1563;1557;1556;1555;1554;1552;1556;1547;1563;1569;1570;1565;1572;1575;1566;1577;1578;1584;1585;1590;1592;1596;1596;1593;1588;1581;1579;1579;1587;1589;1598;1599;1601;1597;1597;1603;1609;1624;1639;1648;1651;1651;1656;1661;1655;1660;1667;1672;1664;1672;1673;1672;1673;1675;1685;1679;1676;1684;1690;1693;1690;1687;1686;1687;1682;1689;1689;1688;1691;1697;1697;1694;1694;1701;1701;1701;1705;1697;1704;1699;1694;1687;1689;1679;1692;1687;1690;1687;1684;1678;1679;1681;1684;1684;1678;1683;1688;1689;1687;1689;1693;1685;1691;1689;1685;1673;1672;1668;1669;1678;1687;1700;1702;1705;1704;1709;1712;1722;1727;1738;1739;1752;1744;1741;1746;1742;1745;1738;1758;1760;1764;1764;1768;1775;1773;1778;1781;1781;1782;1780;1784;1787;1798;1803;1806;1821;1824;1833;1842;1844;1844;1852;1855;1852;1845;1836;1832;1836;1832;1843;1840;1852;1837;1844;1848;1852;1848;1843;1849;1845;1850;1853;1858;1862;1868;1880;1873;1881;1878;1879;1878;1874;1864;1867;1869;1853;1855;1848;1849;1848;1857;1845;1834;1830;1836;1838;1840;1833;1833;1834;1835;1836;1833;1829;1838;1832;1837;1842;1846;1858;1865;1865;1870;1871;1889;1891;1908;1906;1910;1928;1919;1913;1911;1909;1915;1887;1879;1864;1863;1861;1863;1881;1885;1895;1898;1903;1913;1912;1909;1909;1915;1909;1916;1916;1936;1938;1953;1946;1958;1962;1977;1971;1969;1968;1970;1969;1962;1974;1966;1960;1958;1955;1953;1957;1958;1958;1963;1962;1973;1973;1978;1990;1984;1984;1985;1989;1992;2003;2013;2029;2023;2029;2033;2039;2034;2033;2034;2032;2027;2028;2016;2019;2015;2006;1993;1990;1998;2008;2019;2027;2043;2047;2053;2059;2058;2060;2060;2072;2071;2093;2082;2079;2068;2073;2065;2066;2074;2080;2096;2095;2113;2116;2113;2121;2118;2115;2097;2095;2091;2084;2093;2097;2092;2094;2087;2098;2083;2081;2074;2083;2068;2077;2047;2056;2049;2033;2039;2051;2053;2051;2052;2059;2067;2062;2070;2072;2062;2077;2067;2070;2074;2067;2079;2074;2071;2078;2075;2065;2064;2066;2065;2060;2057;2053;2053;2053;2047;2034;2035;2023;2017;2019;2013;2009;2009;2002;2010;2015;2012;2009;2018;2014;2011;2018;2021;2007;2027;2015;2018;2021;2025;2021;2019;2017;2011;2014;2008;2009;2011;2014;2013;2029;2028;2023;2020;2018;2022;2003;2006;2011;2004;2005;2004;2004;1999;1994;1993;2005;2007;2007;2013;2020;2013;2010;2029;2017;2026;2017;2027;2028;2030;2028;2025;2025;2018;1995;1993;1981;1989;1990;1992;2009;2008;2015;2011;2007;2008;2009;2015;2005;2012;2017;2015;2017;2013;2014;2015;2011;2015;2008;2012;2008;2017;2006;2012;2023;2023;2014;2016;2027;2019;2018;2031;2016;2030;2022;2001;2029;2017;2020;2024;2017;2013;2018;2016;2018;2009;2010;2004;2014;2005;2012;2001;1999;2000;2007;2011;2017;2001;2022;2022;2017;2011;2011;2015;2012;2001;2001;1996;2000;1994;1986;2001;1986;1990;1974;1981;1969;1969;1968;1959;1957;1955;1961;1969;1961;1960;1950;1968;1968;1957;1970;1964;1963;1968;1968;1975;1977;1969;1978;1975;1980;1967;1960;1966;1969;1961;1968;1963;1964;1962;1963;1955;1954;1950;1947;1934;1941;1932;1924;1927;1912;1924;1923;1917;1916;1909;1915;1919;1921;1910;1911;1902;1904;1899;1881;1877;1866;1870;1877;1885;1891;1892;1900;1903;1905;1910;1904;1913;1913;1914;1913;1915;1910;1912;1913;1912;1906;1899;1911;1910;1905;1908;1905;1903;1897;1895;1898;1891;1896;1897;1889;1899;1893;1891;1886;1886;1886;1880;1879;1879;1876;1874;1878;1867;1868;1868;1868;1868;1863;1861;1859;1857;1852;1856;1850;1852;1841;1837;1827;1807;1794;1780;1790;1790;1791;1793;1791;1798;1803;1801;1800;1801;1796;1805;1797;1795;1791;1802;1800;1802;1811;1810;1814;1811;1805;1799;1795;1797;1790;1800;1799;1796;1795;1781;1780;1776;1791;1797;1777;1788;1788;1794;1795;1791;1793;1789;1800;1791;1790;1787;1789;1789;1783;1779;1780;1778;1771;1768;1762;1755;1739;1729;1716;1705;1691;1688;1686;1684;1692;1698;1705;1716;1721;1723;1721;1716;1708;1702;1701;1697;1696;1698;1694;1694;1698;1697;1694;1685;1699;1693;1700;1698;1705;1711;1719;1724;1721;1732;1730;1722;1730;1729;1725;1731;1723;1723;1724;1730;1726;1728;1725;1728;1730;1728;1728;1730;1734;1733;1731;1732;1734;1736;1723;1730;1721;1724;1720;1725;1723;1724;1723;1719;1714;1721;1720;1710;1708;1715;1719;1707;1707;1712;1710;1713;1704;1703;1693;1679;1660;1640;1617;1601;1594;1584;1583;1589;1586;1602;1599;1605;1614;1624;1628;1640;1651;1655;1660;1669;1673;1678;1677;1675;1681;1683;1680;1678;1673;1670;1677;1674;1677;1677;1674;1670;1672;1674;1675;1674;1672;1674;1660;1671;1672;1671;1666;1666;1666;1669;1664;1666;1665;1659;1655;1654;1649;1650;1650;1646;1647;1652;1651;1646;1643;1644;1642;1646;1635;1641;1635;1638;1639;1636;1627;1638;1632;1636;1633;1631;1635;1629;1628;1628;1628;1629;1618;1629;1624;1620;1620;1622;1622;1621;1621;1620;1618;1622;1621;1623;1621;1615;1614;1618;1612;1599;1603;1607;1599;1600;1594;1593;1588;1580;1571;1578;1576;1583;1578;1574;1581;1581;1583;1581;1586;1585;1591;1588;1581;1579;1577;1582;
2048 bytes written
20140811_1726111;temp=;35.13;IT=;80232;spec num=;7
1509;1515;1515;1510;1509;1507;1509;1511;1514;1515;1511;1505;1508;1516;1510;1512;1511;1514;1512;1516;1513;1515;1516;1517;1519;1511;1517;1522;1518;1520;1521;1521;1525;1521;1519;1525;1525;1529;1516;1522;1524;1523;1527;1524;1527;1527;1531;1533;1529;1532;1536;1534;1537;1536;1542;1536;1536;1538;1547;1543;1546;1546;1546;1550;1549;1553;1551;1554;1558;1556;1557;1556;1556;1560;1553;1540;1557;1553;1559;1558;1556;1560;1566;1572;1569;1572;1574;1573;1574;1567;1572;1569;1564;1564;1561;1553;1553;1555;1553;1560;1556;1566;1572;1573;1569;1575;1577;1567;1579;1580;1588;1592;1596;1590;1600;1598;1592;1588;1580;1578;1584;1584;1589;1601;1605;1597;1599;1605;1606;1616;1632;1639;1647;1654;1656;1659;1665;1656;1665;1671;1674;1668;1673;1672;1677;1678;1682;1687;1679;1681;1691;1697;1693;1694;1691;1695;1691;1687;1694;1691;1687;1701;1699;1700;1702;1702;1703;1702;1706;1708;1703;1705;1702;1699;1695;1698;1686;1694;1695;1688;1688;1685;1684;1689;1682;1683;1681;1694;1685;1689;1693;1692;1696;1697;1692;1699;1689;1688;1677;1672;1678;1674;1682;1692;1703;1710;1711;1710;1718;1720;1728;1730;1745;1753;1753;1753;1751;1749;1749;1749;1745;1759;1769;1768;1771;1775;1785;1778;1788;1786;1787;1791;1788;1795;1794;1804;1810;1816;1830;1827;1838;1847;1854;1855;1866;1861;1864;1858;1848;1841;1850;1842;1852;1846;1851;1845;1853;1854;1864;1859;1856;1857;1853;1862;1860;1867;1875;1878;1882;1885;1895;1892;1887;1885;1878;1875;1875;1876;1864;1864;1858;1857;1857;1859;1843;1842;1838;1840;1839;1841;1842;1842;1836;1838;1839;1842;1840;1846;1847;1847;1854;1853;1864;1874;1869;1879;1877;1895;1902;1908;1910;1918;1928;1924;1921;1920;1912;1920;1890;1887;1869;1869;1862;1863;1887;1893;1900;1907;1907;1915;1919;1917;1912;1917;1915;1921;1925;1952;1953;1963;1956;1965;1975;1984;1976;1977;1982;1986;1983;1976;1987;1979;1970;1966;1964;1964;1971;1971;1970;1977;1975;1988;1989;1996;1999;1992;1995;1995;2002;2001;2017;2016;2038;2034;2035;2039;2047;2050;2047;2046;2043;2037;2041;2034;2027;2026;2029;2009;2011;2019;2022;2043;2036;2052;2061;2063;2072;2072;2079;2079;2085;2086;2110;2102;2103;2086;2092;2076;2082;2085;2092;2108;2118;2132;2134;2124;2133;2128;2130;2110;2108;2111;2104;2109;2116;2112;2118;2109;2113;2095;2100;2094;2099;2087;2091;2063;2071;2064;2052;2057;2070;2072;2069;2069;2081;2085;2083;2088;2089;2071;2091;2067;2075;2085;2079;2089;2092;2085;2090;2092;2080;2071;2078;2071;2070;2071;2073;2072;2068;2066;2052;2047;2035;2035;2028;2029;2025;2025;2014;2023;2025;2028;2032;2038;2038;2031;2040;2045;2033;2047;2034;2039;2044;2045;2047;2043;2041;2036;2036;2034;2035;2036;2042;2036;2050;2044;2047;2042;2040;2050;2024;2027;2027;2030;2022;2025;2024;2019;2012;2013;2024;2023;2031;2035;2040;2038;2035;2050;2039;2051;2046;2055;2049;2038;2044;2040;2041;2033;2008;2006;1996;2004;1996;2006;2023;2026;2032;2029;2023;2029;2031;2038;2021;2026;2033;2036;2035;2021;2025;2035;2030;2038;2027;2039;2040;2039;2029;2033;2037;2045;2036;2032;2047;2040;2048;2048;2040;2049;2053;2037;2049;2045;2041;2047;2037;2035;2040;2043;2043;2036;2033;2032;2039;2034;2035;2028;2030;2025;2027;2032;2041;2023;2039;2043;2035;2031;2028;2038;2036;2020;2020;2021;2021;2015;2004;2013;2002;2005;1999;1998;1995;1993;1992;1978;1988;1976;1976;1984;1988;1981;1973;1989;1987;1978;1995;1993;1995;1984;1985;1988;1992;1990;1998;1997;2002;1993;1986;1993;1991;1982;1989;1977;1983;1986;1980;1976;1976;1969;1964;1956;1955;1943;1942;1943;1928;1933;1933;1935;1938;1925;1930;1932;1937;1923;1924;1918;1913;1906;1891;1892;1871;1879;1883;1891;1903;1912;1920;1924;1921;1927;1927;1928;1932;1932;1924;1928;1919;1923;1926;1926;1922;1917;1927;1930;1915;1927;1925;1918;1920;1912;1920;1908;1911;1901;1906;1913;1904;1904;1893;1895;1897;1895;1893;1894;1895;1889;1888;1885;1881;1876;1887;1877;1872;1871;1874;1865;1867;1868;1856;1859;1851;1844;1836;1815;1804;1787;1798;1796;1795;1804;1804;1815;1814;1811;1814;1815;1803;1809;1802;1803;1800;1806;1806;1804;1810;1814;1818;1816;1815;1812;1810;1798;1795;1804;1805;1798;1792;1782;1783;1782;1795;1802;1784;1803;1807;1802;1798;1802;1794;1794;1803;1802;1795;1800;1797;1800;1790;1789;1783;1784;1783;1775;1777;1766;1747;1743;1725;1715;1699;1696;1688;1691;1695;1695;1712;1717;1723;1732;1724;1717;1710;1704;1700;1700;1697;1702;1701;1695;1700;1699;1700;1688;1695;1698;1700;1706;1708;1716;1724;1731;1727;1737;1730;1730;1735;1738;1730;1734;1728;1737;1733;1732;1726;1729;1732;1734;1733;1731;1732;1733;1733;1738;1729;1735;1735;1738;1727;1738;1722;1731;1724;1736;1731;1725;1726;1728;1723;1721;1717;1713;1714;1715;1720;1713;1717;1711;1712;1711;1707;1706;1700;1685;1662;1642;1625;1601;1589;1582;1587;1594;1588;1599;1604;1606;1610;1621;1633;1646;1653;1657;1660;1674;1679;1684;1679;1681;1681;1690;1687;1680;1677;1682;1686;1679;1679;1683;1678;1678;1675;1676;1673;1678;1674;1667;1662;1671;1673;1671;1668;1666;1665;1665;1661;1663;1659;1657;1652;1651;1650;1655;1653;1646;1648;1648;1646;1641;1639;1642;1644;1640;1641;1633;1633;1636;1634;1633;1623;1636;1632;1628;1634;1628;1628;1629;1634;1630;1631;1634;1626;1631;1625;1623;1622;1626;1622;1625;1622;1618;1615;1618;1621;1620;1618;1615;1614;1621;1613;1604;1604;1606;1601;1600;1595;1594;1586;1584;1578;1582;1581;1577;1581;1579;1581;1581;1579;1586;1587;1588;1593;1592;1583;1583;1580;1581;
2048 bytes written
20140811_1726188;temp=;35.25;IT=;80232;spec num=;8
1507;1510;1511;1509;1510;1508;1514;1514;1510;1517;1509;1508;1506;1514;1512;1515;1513;1515;1508;1512;1516;1521;1517;1521;1519;1509;1519;1516;1515;1521;1522;1516;1521;1525;1525;1526;1530;1526;1517;1521;1527;1524;1527;1526;1530;1531;1533;1526;1533;1531;1538;1537;1537;1535;1536;1536;1537;1538;1547;1548;1548;1545;1553;1557;1555;1554;1556;1560;1557;1561;1564;1556;1556;1558;1555;1541;1556;1554;1560;1559;1560;1558;1569;1567;1569;1578;1577;1573;1574;1575;1576;1570;1568;1570;1562;1557;1557;1554;1555;1562;1556;1565;1564;1579;1571;1570;1576;1574;1582;1582;1585;1590;1598;1596;1603;1599;1597;1592;1587;1580;1582;1587;1594;1603;1608;1604;1603;1608;1610;1618;1631;1644;1648;1666;1662;1675;1669;1664;1675;1682;1685;1681;1682;1683;1681;1683;1687;1695;1685;1688;1699;1703;1700;1705;1699;1698;1697;1694;1700;1708;1699;1710;1708;1712;1711;1712;1716;1715;1718;1719;1713;1715;1713;1711;1705;1704;1696;1703;1705;1695;1701;1700;1699;1695;1694;1690;1689;1696;1701;1699;1704;1702;1705;1706;1702;1706;1698;1697;1684;1683;1681;1682;1689;1700;1713;1717;1723;1722;1721;1728;1740;1745;1752;1760;1771;1763;1759;1755;1760;1769;1757;1770;1782;1778;1780;1784;1796;1791;1798;1803;1801;1802;1802;1809;1810;1820;1824;1829;1845;1839;1857;1860;1872;1866;1877;1880;1880;1873;1864;1863;1868;1860;1870;1860;1871;1866;1871;1874;1874;1871;1874;1872;1865;1881;1878;1884;1893;1897;1906;1901;1908;1911;1905;1903;1903;1893;1899;1897;1887;1889;1878;1876;1876;1885;1867;1860;1854;1856;1863;1859;1864;1860;1857;1860;1854;1861;1855;1864;1861;1862;1871;1874;1887;1897;1886;1893;1900;1916;1921;1935;1930;1941;1957;1951;1941;1945;1935;1944;1914;1906;1886;1887;1886;1887;1911;1918;1923;1929;1936;1946;1942;1942;1939;1947;1941;1947;1954;1969;1974;1987;1979;1990;2003;2015;2009;2004;2007;2006;1999;1997;2005;1995;1995;1994;1983;1984;1986;1990;1990;1995;1994;2005;2016;2017;2025;2017;2022;2022;2030;2027;2039;2045;2067;2057;2061;2063;2071;2075;2069;2078;2071;2064;2070;2055;2051;2048;2047;2022;2028;2038;2043;2055;2058;2074;2088;2092;2105;2098;2102;2103;2109;2105;2134;2129;2127;2113;2121;2112;2102;2107;2121;2132;2144;2152;2159;2152;2167;2156;2159;2144;2134;2135;2123;2129;2139;2137;2133;2127;2141;2122;2119;2119;2126;2109;2110;2083;2094;2086;2064;2068;2085;2093;2089;2088;2102;2110;2107;2111;2106;2094;2118;2095;2095;2103;2103;2118;2115;2115;2124;2123;2110;2102;2111;2109;2101;2097;2097;2102;2098;2093;2074;2070;2068;2061;2055;2059;2053;2054;2042;2044;2049;2054;2056;2058;2055;2063;2064;2073;2058;2073;2071;2069;2067;2071;2071;2065;2071;2061;2068;2061;2066;2059;2062;2058;2078;2076;2066;2072;2068;2067;2044;2043;2048;2049;2047;2046;2049;2044;2040;2039;2050;2052;2048;2058;2065;2058;2065;2078;2073;2091;2083;2085;2083;2078;2079;2069;2073;2059;2046;2041;2028;2028;2022;2036;2046;2049;2057;2054;2052;2058;2061;2057;2046;2051;2053;2056;2055;2051;2047;2049;2054;2058;2057;2065;2058;2069;2054;2056;2063;2066;2054;2051;2073;2065;2071;2069;2057;2074;2062;2056;2064;2058;2063;2066;2057;2053;2064;2060;2056;2052;2052;2047;2058;2056;2054;2041;2041;2039;2041;2055;2062;2043;2062;2060;2050;2044;2041;2043;2040;2033;2035;2022;2028;2018;2014;2026;2015;2016;2006;2017;2007;2008;2013;2002;2005;1997;1999;2007;2006;2003;1992;2008;2000;1994;2007;2002;1999;2000;2007;2011;2009;2007;2013;2015;2025;2010;2005;2002;2002;1990;1999;1989;1988;1992;1993;1983;1983;1978;1972;1964;1961;1954;1946;1951;1938;1948;1947;1945;1955;1938;1952;1953;1957;1949;1950;1934;1935;1924;1912;1904;1889;1890;1902;1914;1919;1923;1935;1941;1936;1943;1946;1953;1955;1962;1952;1946;1945;1948;1948;1936;1937;1935;1936;1936;1933;1935;1937;1929;1930;1925;1925;1921;1918;1918;1916;1923;1917;1924;1912;1919;1912;1911;1915;1911;1908;1913;1905;1907;1906;1900;1899;1900;1894;1896;1892;1891;1892;1889;1887;1882;1871;1864;1860;1836;1825;1805;1809;1808;1809;1818;1817;1823;1823;1824;1830;1831;1820;1820;1820;1814;1817;1823;1827;1829;1833;1833;1842;1838;1837;1835;1832;1827;1827;1836;1831;1828;1826;1812;1816;1810;1826;1827;1812;1830;1828;1833;1829;1827;1817;1822;1832;1824;1826;1823;1826;1821;1818;1812;1810;1803;1800;1789;1784;1783;1765;1753;1737;1724;1712;1707;1699;1696;1706;1711;1721;1730;1735;1740;1743;1732;1716;1720;1723;1718;1714;1718;1718;1711;1713;1716;1713;1701;1711;1714;1719;1715;1722;1733;1736;1752;1747;1753;1751;1743;1753;1751;1744;1750;1738;1743;1742;1744;1733;1746;1748;1748;1747;1743;1743;1752;1750;1754;1743;1745;1755;1759;1746;1749;1738;1744;1743;1746;1745;1745;1741;1733;1734;1735;1733;1728;1727;1730;1736;1727;1728;1724;1724;1721;1721;1721;1708;1695;1677;1649;1631;1606;1592;1581;1585;1595;1592;1598;1603;1608;1610;1625;1634;1645;1653;1661;1669;1677;1684;1686;1687;1692;1694;1697;1694;1692;1690;1687;1691;1688;1686;1692;1684;1679;1682;1686;1682;1684;1680;1677;1674;1685;1683;1684;1680;1678;1673;1678;1672;1663;1669;1666;1663;1657;1660;1656;1655;1653;1651;1650;1653;1646;1647;1650;1649;1651;1650;1647;1647;1649;1644;1644;1632;1643;1648;1641;1639;1631;1637;1632;1634;1633;1634;1634;1629;1635;1624;1625;1632;1629;1633;1630;1630;1627;1624;1634;1627;1627;1628;1622;1621;1620;1616;1602;1603;1610;1598;1602;1592;1596;1591;1584;1579;1585;1577;1581;1580;1575;1576;1587;1585;1586;1588;1595;1586;1593;1588;1586;1587;1585;
2048 bytes written
20140811_1726236;temp=;35.37;IT=;80232;spec num=;9
1512;1513;1514;1511;1515;1511;1511;1512;1515;1515;1511;1512;1509;1511;1510;1510;1512;1515;1512;1516;1520;1518;1518;1517;1521;1515;1518;1517;1514;1521;1521;1517;1528;1526;1522;1530;1525;1528;1522;1521;1521;1525;1529;1526;1529;1528;1533;1533;1535;1534;1537;1540;1538;1539;1538;1539;1542;1544;1543;1546;1554;1545;1548;1553;1549;1558;1556;1553;1563;1557;1561;1564;1560;1561;1555;1544;1553;1551;1554;1557;1563;1556;1572;1574;1573;1576;1580;1576;1573;1573;1573;1570;1569;1570;1566;1556;1558;1558;1556;1560;1555;1575;1569;1575;1570;1576;1579;1576;1582;1585;1593;1595;1597;1594;1604;1605;1598;1595;1585;1587;1589;1589;1595;1608;1610;1609;1598;1605;1609;1618;1633;1646;1655;1665;1671;1665;1671;1664;1672;1682;1683;1678;1680;1686;1686;1687;1689;1693;1687;1690;1700;1710;1704;1702;1699;1705;1697;1699;1702;1706;1700;1710;1710;1710;1713;1708;1715;1717;1714;1722;1719;1716;1718;1707;1701;1704;1696;1701;1703;1702;1703;1703;1696;1694;1697;1694;1695;1698;1701;1702;1706;1699;1706;1707;1705;1700;1702;1697;1693;1679;1684;1688;1690;1701;1713;1719;1719;1723;1728;1730;1743;1749;1757;1767;1770;1768;1764;1768;1766;1770;1762;1775;1782;1789;1786;1795;1799;1802;1805;1805;1808;1809;1806;1813;1816;1827;1832;1837;1846;1844;1859;1868;1873;1873;1885;1888;1885;1881;1872;1868;1868;1860;1875;1868;1880;1871;1882;1881;1887;1882;1883;1887;1879;1885;1881;1894;1896;1901;1915;1906;1920;1922;1911;1913;1907;1898;1906;1906;1892;1891;1883;1885;1879;1882;1878;1872;1863;1860;1867;1876;1868;1862;1864;1867;1860;1865;1863;1868;1868;1868;1880;1882;1893;1906;1894;1903;1901;1922;1927;1936;1941;1946;1962;1958;1943;1947;1942;1950;1923;1916;1899;1896;1892;1895;1916;1919;1930;1933;1937;1950;1954;1944;1943;1943;1955;1953;1961;1980;1980;1993;1985;1999;2009;2015;2008;2008;2015;2013;2008;2007;2014;2009;2002;2002;1998;1992;1998;1999;2001;2007;2003;2015;2013;2020;2025;2029;2027;2031;2031;2031;2044;2052;2071;2065;2077;2074;2082;2086;2080;2086;2078;2079;2085;2071;2066;2060;2059;2040;2038;2050;2061;2071;2073;2092;2100;2104;2108;2107;2110;2114;2129;2128;2145;2145;2137;2122;2125;2118;2115;2125;2134;2152;2156;2171;2176;2173;2176;2177;2169;2164;2156;2153;2144;2148;2156;2159;2167;2152;2163;2144;2142;2143;2148;2127;2138;2110;2120;2111;2094;2097;2110;2114;2112;2107;2118;2124;2125;2135;2125;2120;2141;2120;2124;2133;2124;2137;2133;2127;2134;2136;2132;2116;2127;2121;2120;2118;2120;2116;2117;2114;2098;2092;2085;2083;2072;2077;2068;2073;2064;2071;2078;2070;2069;2081;2070;2071;2079;2087;2067;2088;2078;2076;2082;2083;2080;2078;2083;2074;2077;2075;2074;2070;2077;2075;2088;2088;2085;2086;2080;2087;2067;2060;2066;2069;2065;2062;2067;2061;2068;2067;2078;2071;2079;2084;2091;2088;2089;2103;2094;2109;2095;2099;2102;2100;2099;2094;2092;2084;2061;2054;2050;2047;2049;2053;2072;2066;2074;2077;2076;2075;2077;2085;2067;2072;2077;2083;2084;2081;2080;2086;2080;2083;2080;2080;2078;2085;2074;2078;2084;2090;2083;2076;2089;2086;2089;2096;2081;2100;2096;2081;2089;2078;2083;2083;2078;2077;2083;2086;2084;2075;2073;2074;2082;2080;2077;2066;2072;2074;2075;2083;2091;2079;2090;2098;2090;2087;2086;2088;2086;2073;2076;2067;2068;2061;2053;2060;2050;2053;2042;2047;2038;2034;2032;2029;2022;2021;2026;2034;2026;2033;2022;2034;2030;2023;2038;2038;2033;2037;2042;2042;2045;2043;2048;2050;2056;2047;2037;2042;2042;2037;2042;2033;2040;2038;2042;2033;2034;2029;2024;2016;2010;2003;1991;1996;1980;1980;1983;1982;1983;1973;1981;1985;1988;1973;1979;1971;1972;1960;1948;1939;1926;1928;1937;1951;1960;1957;1968;1976;1973;1982;1981;1986;1983;1991;1988;1986;1981;1982;1987;1982;1986;1977;1974;1983;1974;1977;1981;1974;1967;1961;1971;1959;1963;1960;1954;1962;1955;1961;1944;1954;1951;1945;1952;1948;1940;1943;1939;1936;1933;1930;1930;1926;1928;1924;1925;1924;1923;1924;1915;1914;1904;1898;1886;1864;1849;1832;1839;1832;1834;1843;1847;1850;1847;1850;1850;1854;1840;1842;1839;1841;1841;1849;1852;1855;1860;1864;1861;1855;1857;1851;1848;1843;1835;1849;1840;1840;1835;1822;1825;1830;1841;1852;1834;1851;1848;1854;1848;1853;1842;1841;1852;1843;1842;1841;1842;1842;1842;1838;1831;1827;1824;1823;1811;1809;1785;1775;1759;1740;1728;1720;1716;1718;1725;1725;1739;1751;1759;1764;1755;1748;1738;1735;1732;1731;1724;1729;1727;1726;1727;1734;1727;1720;1726;1730;1736;1736;1735;1744;1754;1765;1758;1767;1767;1759;1773;1768;1762;1774;1767;1769;1775;1774;1765;1766;1770;1772;1768;1765;1767;1768;1773;1776;1765;1772;1772;1777;1768;1772;1764;1775;1764;1771;1763;1763;1760;1756;1756;1759;1753;1755;1751;1752;1760;1746;1750;1748;1745;1746;1742;1740;1726;1708;1685;1666;1642;1618;1599;1595;1600;1604;1608;1612;1616;1621;1628;1641;1648;1663;1673;1680;1685;1700;1706;1709;1709;1717;1715;1714;1714;1708;1710;1710;1712;1705;1710;1710;1709;1709;1703;1705;1705;1710;1705;1702;1690;1702;1701;1695;1694;1694;1690;1698;1694;1690;1691;1691;1688;1684;1681;1684;1683;1674;1671;1667;1673;1666;1662;1670;1666;1668;1663;1662;1662;1664;1651;1656;1649;1657;1659;1655;1654;1652;1654;1657;1656;1656;1657;1651;1647;1655;1644;1648;1648;1645;1647;1646;1644;1647;1637;1648;1643;1644;1641;1637;1640;1641;1633;1621;1619;1626;1616;1614;1617;1608;1604;1603;1592;1598;1594;1595;1596;1589;1590;1597;1598;1600;1599;1598;1607;1604;1594;1597;1598;1601;
2048 bytes written
20140811_1726252;temp=;35.37;IT=;80232;spec num=;10
1504;1511;1512;1516;1511;1505;1514;1512;1512;1511;1508;1512;1511;1515;1509;1505;1515;1513;1511;1514;1515;1523;1517;1523;1515;1512;1520;1517;1515;1520;1521;1515;1523;1521;1518;1525;1525;1524;1516;1524;1522;1523;1525;1522;1528;1529;1531;1533;1535;1534;1533;1532;1535;1537;1537;1534;1538;1540;1546;1547;1546;1543;1553;1552;1547;1550;1552;1557;1559;1557;1556;1560;1560;1557;1554;1545;1554;1555;1557;1558;1560;1560;1566;1570;1570;1573;1579;1578;1578;1574;1574;1569;1566;1568;1560;1555;1554;1557;1552;1562;1552;1571;1571;1572;1571;1576;1576;1574;1583;1585;1589;1591;1600;1596;1609;1601;1597;1590;1582;1584;1586;1586;1592;1605;1606;1603;1598;1608;1606;1619;1631;1650;1654;1665;1663;1663;1670;1665;1672;1680;1685;1675;1682;1682;1685;1690;1687;1692;1682;1688;1694;1706;1705;1699;1702;1700;1697;1693;1699;1707;1702;1710;1709;1710;1710;1707;1708;1714;1717;1718;1711;1710;1713;1711;1700;1704;1694;1707;1706;1697;1700;1698;1692;1691;1688;1691;1698;1696;1694;1701;1701;1699;1706;1708;1701;1702;1702;1696;1690;1676;1682;1681;1685;1696;1714;1713;1716;1719;1723;1728;1735;1740;1752;1761;1768;1763;1763;1758;1758;1760;1758;1775;1779;1784;1781;1791;1800;1791;1794;1800;1804;1805;1804;1810;1809;1824;1821;1825;1845;1842;1855;1859;1867;1863;1880;1877;1877;1870;1857;1861;1862;1851;1865;1864;1875;1865;1871;1871;1875;1871;1870;1875;1871;1880;1878;1883;1889;1900;1908;1907;1912;1909;1904;1904;1901;1889;1898;1896;1886;1886;1863;1874;1873;1878;1866;1862;1858;1858;1861;1865;1857;1860;1860;1857;1856;1857;1861;1866;1862;1864;1874;1872;1883;1891;1885;1896;1894;1914;1922;1935;1933;1937;1954;1944;1943;1939;1936;1940;1912;1905;1890;1885;1889;1893;1913;1917;1917;1923;1936;1940;1944;1938;1937;1945;1941;1945;1951;1971;1978;1990;1979;1990;2002;2015;2006;2000;2012;2010;2004;1999;2007;2002;1994;1997;1989;1983;1994;1995;1997;1998;2000;2012;2016;2019;2027;2021;2026;2028;2028;2028;2046;2044;2064;2066;2069;2072;2077;2082;2076;2083;2071;2074;2079;2065;2059;2056;2053;2033;2032;2044;2050;2066;2070;2082;2095;2098;2107;2107;2112;2113;2123;2119;2135;2135;2131;2112;2124;2104;2110;2116;2124;2137;2141;2157;2161;2153;2163;2159;2158;2147;2137;2134;2127;2131;2140;2136;2139;2128;2139;2123;2126;2124;2129;2109;2116;2090;2100;2089;2067;2077;2091;2099;2093;2088;2101;2108;2108;2114;2112;2097;2119;2103;2101;2113;2104;2120;2112;2115;2123;2121;2109;2101;2111;2107;2103;2100;2102;2101;2098;2092;2070;2070;2060;2057;2052;2053;2043;2048;2045;2051;2047;2057;2050;2059;2050;2052;2059;2071;2057;2076;2063;2061;2065;2064;2074;2059;2061;2060;2064;2054;2056;2057;2056;2058;2075;2074;2069;2070;2065;2068;2047;2047;2049;2048;2041;2047;2044;2039;2038;2038;2052;2049;2049;2062;2066;2059;2064;2074;2071;2086;2072;2076;2074;2076;2075;2067;2069;2062;2034;2039;2022;2024;2022;2029;2051;2050;2058;2055;2055;2054;2062;2058;2050;2051;2058;2061;2066;2057;2058;2053;2054;2059;2049;2058;2050;2055;2052;2053;2061;2063;2055;2051;2064;2061;2063;2070;2052;2065;2064;2051;2062;2057;2058;2069;2058;2051;2059;2059;2062;2054;2051;2052;2058;2054;2057;2045;2050;2043;2053;2054;2065;2054;2067;2069;2060;2060;2061;2061;2057;2046;2052;2043;2045;2036;2032;2044;2028;2028;2020;2016;2008;2007;2008;2002;2006;2001;1996;2005;2000;2002;1988;2003;1998;1994;2013;2006;2007;2009;2018;2018;2021;2018;2024;2024;2031;2021;2010;2017;2015;2006;2015;2010;2011;2012;2007;2001;1998;1990;1992;1979;1975;1965;1956;1965;1945;1950;1955;1955;1955;1953;1952;1961;1959;1954;1952;1942;1947;1935;1922;1918;1893;1907;1911;1919;1932;1935;1943;1952;1948;1953;1949;1962;1958;1959;1952;1951;1947;1954;1953;1945;1947;1943;1943;1949;1944;1947;1948;1945;1941;1932;1936;1931;1933;1925;1925;1930;1925;1928;1921;1923;1923;1920;1924;1923;1914;1920;1915;1906;1907;1908;1907;1906;1902;1901;1903;1899;1897;1892;1888;1891;1878;1870;1857;1842;1828;1810;1810;1810;1817;1825;1825;1828;1829;1837;1839;1829;1828;1829;1827;1820;1820;1826;1832;1833;1841;1833;1845;1844;1836;1833;1828;1823;1821;1825;1829;1822;1821;1807;1805;1809;1827;1833;1812;1826;1826;1834;1829;1826;1823;1820;1832;1832;1821;1822;1820;1824;1818;1815;1813;1812;1809;1810;1795;1785;1770;1760;1739;1722;1715;1706;1699;1697;1707;1711;1722;1733;1737;1743;1742;1733;1725;1718;1713;1715;1716;1714;1713;1709;1714;1714;1715;1702;1717;1718;1723;1723;1726;1730;1738;1750;1747;1751;1752;1746;1755;1753;1742;1753;1746;1751;1747;1750;1742;1746;1743;1747;1745;1748;1749;1743;1750;1750;1743;1751;1753;1758;1747;1755;1745;1751;1747;1749;1747;1743;1747;1741;1738;1737;1737;1732;1725;1735;1738;1727;1729;1728;1725;1726;1725;1720;1707;1693;1675;1651;1630;1609;1595;1586;1586;1590;1595;1604;1606;1610;1620;1630;1636;1649;1661;1668;1672;1683;1688;1691;1692;1693;1694;1691;1688;1691;1692;1692;1693;1687;1693;1694;1688;1689;1689;1686;1685;1684;1684;1680;1674;1680;1681;1677;1674;1672;1675;1681;1674;1672;1668;1670;1663;1658;1657;1662;1659;1657;1653;1659;1656;1649;1645;1647;1649;1647;1645;1644;1639;1646;1641;1639;1632;1640;1638;1637;1638;1637;1637;1637;1630;1632;1632;1637;1624;1634;1624;1631;1628;1632;1625;1623;1624;1626;1622;1623;1623;1629;1624;1618;1621;1623;1618;1604;1600;1607;1599;1606;1589;1591;1592;1580;1576;1584;1580;1579;1578;1577;1575;1576;1579;1582;1582;1588;1590;1589;1584;1580;1577;1585;
2048 bytes written
