Name;spectrum_20140711_1722139,csv;spectrum_20140711_1722141,csv;;;;;;;;;;;;;;;;
Time;20140711_1722139;20140711_1722141;;;;Configuración 1;Tolerancia;0,08;;;;;Configuración 2;Tolerancia;0,08;;;
IT;90374;90374;;;;800;450;550;670;710;720;;780;530;570;670;710;730
337,39;0;0;;;Blanco;0,90515214;0,45021334;0,6277781;0,7544263;0,7750011;0,74113667;;0,8622775;0,5878746;0,6567268;0,7544263;0,7750011;0,7664155
337,85;0;0;;;Negro;0,05521491;0,026949313;0,03863029;0,04331118;0,044679403;0,043302737;;0,051412694;0,03628292;0,04065468;0,04331118;0,044679403;0,04425759
338,3;0;0;;;;0,13521491;0,106949313;0,11863029;0,12331118;0,124679403;0,123302737;;0,131412694;0,11628292;0,12065468;0,12331118;0,124679403;0,12425759
338,76;0;0;;;;;;;;;;;;;;;;
339,21;0,36206794;0,07063918;;;;;;;;;;;;;;;;
339,66;0,35802257;0,054452017;;;;;;;;;;;;;;;;
340,12;0,38232264;0,052609947;;;;;;;;;;;;;;;;
340,57;0,40248287;0,1021495;;;;;;;;;;;;;;;;
341,03;0,35723045;0,054185748;;;;;;;;;;;;;;;;
341,48;0,38168165;0,10314576;;;;;;;;;;;;;;;;
341,94;0,45476818;0,117749766;;;;;;;;;;;;;;;;
342,39;0,37754053;0,07792711;;;;;;;;;;;;;;;;
342,84;0,43787107;0,11516125;;;;;;;;;;;;;;;;
343,3;0,38625568;0,07287528;;;;;;;;;;;;;;;;
343,75;0,40489888;0,09924229;;;;;;;;;;;;;;;;
344,21;0,42801705;0,07436752;;;;;;;;;;;;;;;;
344,66;0,3460672;0,07486453;;;;;;;;;;;;;;;;
345,12;0,40134037;0,090925165;;;;;;;;;;;;;;;;
345,57;0,3134703;0,052174337;;;;;;;;;;;;;;;;
346,02;0,35040238;0,08362927;;;;;;;;;;;;;;;;
346,48;0,3521869;0,04448446;;;;;;;;;;;;;;;;
346,93;0,39641103;0,08384567;;;;;;;;;;;;;;;;
347,39;0,37859902;0,092718095;;;;;;;;;;;;;;;;
347,84;0,32556453;0,049446464;;;;;;;;;;;;;;;;
348,3;0,24849705;-0,009619356;;;;;;;;;;;;;;;;
348,75;0,3146009;0,078904025;;;;;;;;;;;;;;;;
349,21;0,3312305;0,08798683;;;;;;;;;;;;;;;;
349,66;0,32947776;0,06684208;;;;;;;;;;;;;;;;
350,12;0,35759822;0,09166219;;;;;;;;;;;;;;;;
350,57;0,35973746;0,0809478;;;;;;;;;;;;;;;;
351,03;0,3326046;0,06584023;;;;;;;;;;;;;;;;
351,48;0,34772065;0,08422348;;;;;;;;;;;;;;;;
351,94;0,34040427;0,07690928;;;;;;;;;;;;;;;;
352,39;0,36883995;0,08782402;;;;;;;;;;;;;;;;
352,85;0,3954328;0,0926221;;;;;;;;;;;;;;;;
353,3;0,3548499;0,080627754;;;;;;;;;;;;;;;;
353,76;0,37487823;0,08566064;;;;;;;;;;;;;;;;
354,21;0,31957486;0,043189187;;;;;;;;;;;;;;;;
354,67;0,3550785;0,074716054;;;;;;;;;;;;;;;;
355,12;0,34025034;0,041023705;;;;;;;;;;;;;;;;
355,58;0,37898943;0,09996589;;;;;;;;;;;;;;;;
356,03;0,3862007;0,09328321;;;;;;;;;;;;;;;;
356,49;0,4003944;0,10118962;;;;;;;;;;;;;;;;
356,94;0,39582574;0,07323384;;;;;;;;;;;;;;;;
357,4;0,36968762;0,0936394;;;;;;;;;;;;;;;;
357,85;0,34810674;0,08697731;;;;;;;;;;;;;;;;
358,31;0,34166357;0,07459984;;;;;;;;;;;;;;;;
358,76;0,33467248;0,08486973;;;;;;;;;;;;;;;;
359,22;0,3514803;0,08401494;;;;;;;;;;;;;;;;
359,68;0,3386972;0,076134;;;;;;;;;;;;;;;;
360,13;0,35672358;0,087487884;;;;;;;;;;;;;;;;
360,59;0,3609469;0,08825241;;;;;;;;;;;;;;;;
361,04;0,38066614;0,09064686;;;;;;;;;;;;;;;;
361,5;0,36220583;0,07094218;;;;;;;;;;;;;;;;
361,95;0,3536527;0,08822302;;;;;;;;;;;;;;;;
362,41;0,34053886;0,07303385;;;;;;;;;;;;;;;;
362,86;0,33889157;0,082278326;;;;;;;;;;;;;;;;
363,32;0,37202471;0,095844835;;;;;;;;;;;;;;;;
363,78;0,362287;0,090277866;;;;;;;;;;;;;;;;
364,23;0,33897662;0,09111028;;;;;;;;;;;;;;;;
364,69;0,3409769;0,07771256;;;;;;;;;;;;;;;;
365,14;0,31777123;0,06516026;;;;;;;;;;;;;;;;
365,6;0,31142613;0,066540174;;;;;;;;;;;;;;;;
366,06;0,27669403;0,037252888;;;;;;;;;;;;;;;;
366,51;0,3455398;0,0853216;;;;;;;;;;;;;;;;
366,97;0,33459863;0,07960266;;;;;;;;;;;;;;;;
367,42;0,3417083;0,0828883;;;;;;;;;;;;;;;;
367,88;0,3493174;0,08204482;;;;;;;;;;;;;;;;
368,34;0,31574434;0,05552829;;;;;;;;;;;;;;;;
368,79;0,33970147;0,077025115;;;;;;;;;;;;;;;;
369,25;0,3381937;0,080263056;;;;;;;;;;;;;;;;
369,71;0,34701866;0,08050386;;;;;;;;;;;;;;;;
370,16;0,34082553;0,07178412;;;;;;;;;;;;;;;;
370,62;0,34505168;0,07876962;;;;;;;;;;;;;;;;
371,07;0,35548156;0,07854515;;;;;;;;;;;;;;;;
371,53;0,38713816;0,0943863;;;;;;;;;;;;;;;;
371,99;0,38487288;0,08644015;;;;;;;;;;;;;;;;
372,44;0,37610996;0,085329995;;;;;;;;;;;;;;;;
372,9;0,37529424;0,08461681;;;;;;;;;;;;;;;;
373,36;0,3691681;0,08205466;;;;;;;;;;;;;;;;
373,81;0,3621804;0,08802344;;;;;;;;;;;;;;;;
374,27;0,34402543;0,074525446;;;;;;;;;;;;;;;;
374,73;0,33252865;0,07034709;;;;;;;;;;;;;;;;
375,18;0,3260874;0,07203791;;;;;;;;;;;;;;;;
375,64;0,31735393;0,07353024;;;;;;;;;;;;;;;;
376,1;0,32125816;0,07699597;;;;;;;;;;;;;;;;
376,55;0,32017365;0,07596509;;;;;;;;;;;;;;;;
377,01;0,34610176;0,07588862;;;;;;;;;;;;;;;;
377,47;0,34949625;0,073820285;;;;;;;;;;;;;;;;
377,92;0,36568865;0,08205447;;;;;;;;;;;;;;;;
378,38;0,3716802;0,08290989;;;;;;;;;;;;;;;;
378,84;0,39033622;0,08638622;;;;;;;;;;;;;;;;
379,29;0,38948748;0,07901701;;;;;;;;;;;;;;;;
379,75;0,40648058;0,08309155;;;;;;;;;;;;;;;;
380,21;0,41353056;0,09107053;;;;;;;;;;;;;;;;
380,67;0,41617915;0,08671939;;;;;;;;;;;;;;;;
381,12;0,41149879;0,07821605;;;;;;;;;;;;;;;;
381,58;0,432955;0,08490644;;;;;;;;;;;;;;;;
382,04;0,45294437;0,09383523;;;;;;;;;;;;;;;;
382,49;0,44355944;0,098787576;;;;;;;;;;;;;;;;
382,95;0,41912842;0,08826252;;;;;;;;;;;;;;;;
383,41;0,39244246;0,08176604;;;;;;;;;;;;;;;;
383,87;0,36617053;0,07519706;;;;;;;;;;;;;;;;
384,32;0,35114807;0,0741664;;;;;;;;;;;;;;;;
384,78;0,34442964;0,06468041;;;;;;;;;;;;;;;;
385,24;0,3617373;0,07137029;;;;;;;;;;;;;;;;
385,7;0,36951762;0,07343139;;;;;;;;;;;;;;;;
386,15;0,38605905;0,077574216;;;;;;;;;;;;;;;;
386,61;0,38824546;0,07330071;;;;;;;;;;;;;;;;
387,07;0,39148176;0,070631236;;;;;;;;;;;;;;;;
387,53;0,3888439;0,07090186;;;;;;;;;;;;;;;;
387,98;0,38255122;0,06590083;;;;;;;;;;;;;;;;
388,44;0,37091452;0,06407507;;;;;;;;;;;;;;;;
388,9;0,3585774;0,06622202;;;;;;;;;;;;;;;;
389,36;0,35766074;0,0619711;;;;;;;;;;;;;;;;
389,82;0,3516387;0,06080313;;;;;;;;;;;;;;;;
390,27;0,36650777;0,06379477;;;;;;;;;;;;;;;;
390,73;0,38231698;0,06341792;;;;;;;;;;;;;;;;
391,19;0,40494248;0,06642696;;;;;;;;;;;;;;;;
391,65;0,45016637;0,07614356;;;;;;;;;;;;;;;;
392,1;0,4602439;0,073629454;;;;;;;;;;;;;;;;
392,56;0,45395464;0,07428198;;;;;;;;;;;;;;;;
393,02;0,4396272;0,07539939;;;;;;;;;;;;;;;;
393,48;0,40211958;0,06584327;;;;;;;;;;;;;;;;
393,94;0,3631131;0,060747962;;;;;;;;;;;;;;;;
394,4;0,33853948;0,05463668;;;;;;;;;;;;;;;;
394,85;0,34051055;0,05450148;;;;;;;;;;;;;;;;
395,31;0,36026004;0,057054423;;;;;;;;;;;;;;;;
395,77;0,39363348;0,06279942;;;;;;;;;;;;;;;;
396,23;0,3998414;0,06471533;;;;;;;;;;;;;;;;
396,69;0,3964252;0,061508104;;;;;;;;;;;;;;;;
397,14;0,3770908;0,059174206;;;;;;;;;;;;;;;;
397,6;0,34389398;0,054518715;;;;;;;;;;;;;;;;
398,06;0,31332505;0,04599493;;;;;;;;;;;;;;;;
398,52;0,3095234;0,04348646;;;;;;;;;;;;;;;;
398,98;0,3316042;0,047591373;;;;;;;;;;;;;;;;
399,44;0,34850457;0,050870474;;;;;;;;;;;;;;;;
399,9;0,37359798;0,05464262;;;;;;;;;;;;;;;;
400,35;0,37815964;0,052276537;;;;;;;;;;;;;;;;
400,81;0,389232;0,051695444;;;;;;;;;;;;;;;;
401,27;0,39872167;0,055280108;;;;;;;;;;;;;;;;
401,73;0,39164162;0,053458035;;;;;;;;;;;;;;;;
402,19;0,3847471;0,051446356;;;;;;;;;;;;;;;;
402,65;0,38528407;0,05149126;;;;;;;;;;;;;;;;
403,11;0,39755067;0,053668372;;;;;;;;;;;;;;;;
403,57;0,39131334;0,051888093;;;;;;;;;;;;;;;;
404,02;0,39116377;0,051073696;;;;;;;;;;;;;;;;
404,48;0,39047894;0,049724013;;;;;;;;;;;;;;;;
404,94;0,38640514;0,047705498;;;;;;;;;;;;;;;;
405,4;0,3906531;0,047039073;;;;;;;;;;;;;;;;
405,86;0,38857737;0,046478122;;;;;;;;;;;;;;;;
406,32;0,39364323;0,045640174;;;;;;;;;;;;;;;;
406,78;0,39333868;0,044090692;;;;;;;;;;;;;;;;
407,24;0,38815966;0,04230296;;;;;;;;;;;;;;;;
407,7;0,3902858;0,04215554;;;;;;;;;;;;;;;;
408,16;0,3994178;0,042915914;;;;;;;;;;;;;;;;
408,61;0,4098993;0,04373128;;;;;;;;;;;;;;;;
409,07;0,40855938;0,0417251;;;;;;;;;;;;;;;;
409,53;0,40726444;0,040178444;;;;;;;;;;;;;;;;
409,99;0,4172153;0,04124334;;;;;;;;;;;;;;;;
410,45;0,4178823;0,040960405;;;;;;;;;;;;;;;;
410,91;0,4042301;0,038698863;;;;;;;;;;;;;;;;
411,37;0,4012597;0,036525212;;;;;;;;;;;;;;;;
411,83;0,40132168;0,036103;;;;;;;;;;;;;;;;
412,29;0,40298545;0,03609947;;;;;;;;;;;;;;;;
412,75;0,4028913;0,03576969;;;;;;;;;;;;;;;;
413,21;0,40916705;0,036474656;;;;;;;;;;;;;;;;
413,67;0,41744626;0,03702852;;;;;;;;;;;;;;;;
414,13;0,4047061;0,03329241;;;;;;;;;;;;;;;;
414,59;0,40395194;0,033025604;;;;;;;;;;;;;;;;
415,05;0,41590774;0,034631386;;;;;;;;;;;;;;;;
415,51;0,41106036;0,033305384;;;;;;;;;;;;;;;;
415,97;0,4200026;0,03338957;;;;;;;;;;;;;;;;
416,43;0,43405536;0,033682004;;;;;;;;;;;;;;;;
416,89;0,43507698;0,03385603;;;;;;;;;;;;;;;;
417,35;0,43883798;0,033165116;;;;;;;;;;;;;;;;
417,81;0,44762576;0,033793073;;;;;;;;;;;;;;;;
418,27;0,44624078;0,034117308;;;;;;;;;;;;;;;;
418,73;0,4505042;0,03421777;;;;;;;;;;;;;;;;
419,19;0,44737375;0,032283522;;;;;;;;;;;;;;;;
419,65;0,4374831;0,031092329;;;;;;;;;;;;;;;;
420,11;0,44546935;0,03156753;;;;;;;;;;;;;;;;
420,57;0,448394;0,032072052;;;;;;;;;;;;;;;;
421,03;0,443493;0,03084102;;;;;;;;;;;;;;;;
421,49;0,44697657;0,030506603;;;;;;;;;;;;;;;;
421,95;0,45302585;0,0319937;;;;;;;;;;;;;;;;
422,41;0,44182742;0,030827487;;;;;;;;;;;;;;;;
422,87;0,4540067;0,031280857;;;;;;;;;;;;;;;;
423,33;0,4429658;0,029966127;;;;;;;;;;;;;;;;
423,79;0,43498027;0,029222416;;;;;;;;;;;;;;;;
424,25;0,42522514;0,029138863;;;;;;;;;;;;;;;;
424,71;0,42205518;0,029094677;;;;;;;;;;;;;;;;
425,17;0,43555734;0,029431876;;;;;;;;;;;;;;;;
425,63;0,44404122;0,029642135;;;;;;;;;;;;;;;;
426,09;0,43663606;0,02937341;;;;;;;;;;;;;;;;
426,55;0,43229198;0,028150586;;;;;;;;;;;;;;;;
427,01;0,4447634;0,028428255;;;;;;;;;;;;;;;;
427,47;0,44371215;0,02851561;;;;;;;;;;;;;;;;
427,93;0,4396064;0,029000271;;;;;;;;;;;;;;;;
428,39;0,45912215;0,030508148;;;;;;;;;;;;;;;;
428,85;0,47232682;0,030417804;;;;;;;;;;;;;;;;
429,32;0,4826629;0,030128112;;;;;;;;;;;;;;;;
429,78;0,47581682;0,030075125;;;;;;;;;;;;;;;;
430,24;0,4543234;0,02820906;;;;;;;;;;;;;;;;
430,7;0,4421153;0,027547665;;;;;;;;;;;;;;;;
431,16;0,42417163;0,025462668;;;;;;;;;;;;;;;;
431,62;0,4028571;0,02438747;;;;;;;;;;;;;;;;
432,08;0,40200916;0,025057392;;;;;;;;;;;;;;;;
432,54;0,41434407;0,025777332;;;;;;;;;;;;;;;;
433;0,43113977;0,026817532;;;;;;;;;;;;;;;;
433,46;0,43658254;0,02733846;;;;;;;;;;;;;;;;
433,93;0,43387055;0,02737173;;;;;;;;;;;;;;;;
434,39;0,42659488;0,026126023;;;;;;;;;;;;;;;;
434,85;0,42447612;0,02645536;;;;;;;;;;;;;;;;
435,31;0,41964835;0,025889672;;;;;;;;;;;;;;;;
435,77;0,4178704;0,02573862;;;;;;;;;;;;;;;;
436,23;0,42067906;0,026105033;;;;;;;;;;;;;;;;
436,69;0,43017858;0,026681151;;;;;;;;;;;;;;;;
437,15;0,45233345;0,027566692;;;;;;;;;;;;;;;;
437,62;0,45402068;0,027130822;;;;;;;;;;;;;;;;
438,08;0,45357853;0,027276726;;;;;;;;;;;;;;;;
438,54;0,45589104;0,027553856;;;;;;;;;;;;;;;;
439;0,4476257;0,027530355;;;;;;;;;;;;;;;;
439,46;0,4424032;0,025981212;;;;;;;;;;;;;;;;
439,92;0,4361449;0,02575353;;;;;;;;;;;;;;;;
440,39;0,44157448;0,026385244;;;;;;;;;;;;;;;;
440,85;0,44683063;0,026870158;;;;;;;;;;;;;;;;
441,31;0,4477358;0,026943654;;;;;;;;;;;;;;;;
441,77;0,44475466;0,026638296;;;;;;;;;;;;;;;;
442,23;0,44869244;0,026972316;;;;;;;;;;;;;;;;
442,69;0,45374915;0,027162135;;;;;;;;;;;;;;;;
443,16;0,45721087;0,027082536;;;;;;;;;;;;;;;;
443,62;0,45735162;0,02746997;;;;;;;;;;;;;;;;
444,08;0,45228767;0,027275657;;;;;;;;;;;;;;;;
444,54;0,45652026;0,027296606;;;;;;;;;;;;;;;;
445;0,45455417;0,027040027;;;;;;;;;;;;;;;;
445,47;0,45171088;0,027326189;;;;;;;;;;;;;;;;
445,93;0,44401726;0,026825901;;;;;;;;;;;;;;;;
446,39;0,440463;0,026523715;;;;;;;;;;;;;;;;
446,85;0,43576992;0,026258882;;;;;;;;;;;;;;;;
447,31;0,43674108;0,026070874;;;;;;;;;;;;;;;;
447,78;0,43686667;0,0262091;;;;;;;;;;;;;;;;
448,24;0,43165278;0,026225958;;;;;;;;;;;;;;;;
448,7;0,4378046;0,026207235;;;;;;;;;;;;;;;;
449,16;0,4401066;0,026656648;;;;;;;;;;;;;;;;
449,63;0,43687004;0,026104368;;;;;;;;;;;;;;;;
450,09;0,44727826;0,026949313;;;;;;;;;;;;;;;;
450,55;0,45021334;0,0274587;;;;;;;;;;;;;;;;
451,01;0,45892796;0,027600486;;;;;;;;;;;;;;;;
451,48;0,4723242;0,028476235;;;;;;;;;;;;;;;;
451,94;0,48182407;0,02897343;;;;;;;;;;;;;;;;
452,4;0,4814461;0,029568447;;;;;;;;;;;;;;;;
452,86;0,47704482;0,029288596;;;;;;;;;;;;;;;;
453,33;0,4731537;0,028780742;;;;;;;;;;;;;;;;
453,79;0,46534163;0,028371593;;;;;;;;;;;;;;;;
454,25;0,46171448;0,027958687;;;;;;;;;;;;;;;;
454,71;0,45388028;0,027583558;;;;;;;;;;;;;;;;
455,18;0,46129158;0,028327692;;;;;;;;;;;;;;;;
455,64;0,4610026;0,028040204;;;;;;;;;;;;;;;;
456,1;0,46116605;0,027618077;;;;;;;;;;;;;;;;
456,57;0,45498604;0,027041448;;;;;;;;;;;;;;;;
457,03;0,4609758;0,028386815;;;;;;;;;;;;;;;;
457,49;0,46922272;0,028901286;;;;;;;;;;;;;;;;
457,96;0,4631849;0,028128643;;;;;;;;;;;;;;;;
458,42;0,47480062;0,028770918;;;;;;;;;;;;;;;;
458,88;0,46643463;0,028577063;;;;;;;;;;;;;;;;
459,34;0,46581164;0,028359711;;;;;;;;;;;;;;;;
459,81;0,461787;0,027823534;;;;;;;;;;;;;;;;
460,27;0,45552513;0,027512133;;;;;;;;;;;;;;;;
460,73;0,4547983;0,027539682;;;;;;;;;;;;;;;;
461,2;0,4604463;0,028207352;;;;;;;;;;;;;;;;
461,66;0,4661173;0,028278843;;;;;;;;;;;;;;;;
462,12;0,4699904;0,028571714;;;;;;;;;;;;;;;;
462,59;0,47039548;0,028748374;;;;;;;;;;;;;;;;
463,05;0,48481455;0,029343065;;;;;;;;;;;;;;;;
463,51;0,49078453;0,029934313;;;;;;;;;;;;;;;;
463,98;0,48836908;0,029499218;;;;;;;;;;;;;;;;
464,44;0,49800998;0,0303605;;;;;;;;;;;;;;;;
464,9;0,51124245;0,0310444;;;;;;;;;;;;;;;;
465,37;0,50112593;0,030644532;;;;;;;;;;;;;;;;
465,83;0,5109068;0,031360112;;;;;;;;;;;;;;;;
466,3;0,5150346;0,030855881;;;;;;;;;;;;;;;;
466,76;0,5159645;0,03129192;;;;;;;;;;;;;;;;
467,22;0,51350063;0,030953487;;;;;;;;;;;;;;;;
467,69;0,52442336;0,03166719;;;;;;;;;;;;;;;;
468,15;0,5159853;0,031226907;;;;;;;;;;;;;;;;
468,61;0,5173483;0,03107431;;;;;;;;;;;;;;;;
469,08;0,5247852;0,03184802;;;;;;;;;;;;;;;;
469,54;0,5342022;0,03274459;;;;;;;;;;;;;;;;
470,01;0,53378785;0,032741185;;;;;;;;;;;;;;;;
470,47;0,5294214;0,032265127;;;;;;;;;;;;;;;;
470,93;0,5238896;0,031502586;;;;;;;;;;;;;;;;
471,4;0,51998776;0,03152328;;;;;;;;;;;;;;;;
471,86;0,5273711;0,03170752;;;;;;;;;;;;;;;;
472,33;0,5221047;0,031170906;;;;;;;;;;;;;;;;
472,79;0,5185132;0,031145262;;;;;;;;;;;;;;;;
473,26;0,53944665;0,032459266;;;;;;;;;;;;;;;;
473,72;0,52186865;0,031752136;;;;;;;;;;;;;;;;
474,18;0,52059263;0,031772487;;;;;;;;;;;;;;;;
474,65;0,52644384;0,031530216;;;;;;;;;;;;;;;;
475,11;0,52265406;0,03150114;;;;;;;;;;;;;;;;
475,58;0,5160576;0,030617481;;;;;;;;;;;;;;;;
476,04;0,5202884;0,031359263;;;;;;;;;;;;;;;;
476,51;0,5198869;0,031097028;;;;;;;;;;;;;;;;
476,97;0,5078439;0,030403009;;;;;;;;;;;;;;;;
477,43;0,50449723;0,030703945;;;;;;;;;;;;;;;;
477,9;0,5083784;0,030821102;;;;;;;;;;;;;;;;
478,36;0,5117631;0,030727534;;;;;;;;;;;;;;;;
478,83;0,5123226;0,031096434;;;;;;;;;;;;;;;;
479,29;0,5187097;0,03153037;;;;;;;;;;;;;;;;
479,76;0,51408476;0,031001432;;;;;;;;;;;;;;;;
480,22;0,5074876;0,030592106;;;;;;;;;;;;;;;;
480,69;0,5156328;0,03095231;;;;;;;;;;;;;;;;
481,15;0,529621;0,03228066;;;;;;;;;;;;;;;;
481,62;0,52189976;0,031855036;;;;;;;;;;;;;;;;
482,08;0,5184834;0,031319898;;;;;;;;;;;;;;;;
482,55;0,5453042;0,032442465;;;;;;;;;;;;;;;;
483,01;0,5440945;0,032652248;;;;;;;;;;;;;;;;
483,48;0,55475473;0,033465713;;;;;;;;;;;;;;;;
483,94;0,54022086;0,032799173;;;;;;;;;;;;;;;;
484,41;0,55299336;0,033202715;;;;;;;;;;;;;;;;
484,87;0,57790995;0,034910556;;;;;;;;;;;;;;;;
485,34;0,57760024;0,035000075;;;;;;;;;;;;;;;;
485,8;0,5735783;0,034558833;;;;;;;;;;;;;;;;
486,27;0,55934775;0,033792797;;;;;;;;;;;;;;;;
486,73;0,5525961;0,033203047;;;;;;;;;;;;;;;;
487,2;0,5256328;0,031372387;;;;;;;;;;;;;;;;
487,66;0,5125301;0,030601073;;;;;;;;;;;;;;;;
488,13;0,52211064;0,031500597;;;;;;;;;;;;;;;;
488,59;0,52097183;0,031568673;;;;;;;;;;;;;;;;
489,06;0,5246674;0,031933352;;;;;;;;;;;;;;;;
489,53;0,5285631;0,032124642;;;;;;;;;;;;;;;;
489,99;0,5185277;0,031261716;;;;;;;;;;;;;;;;
490,46;0,5470506;0,03320306;;;;;;;;;;;;;;;;
490,92;0,5551962;0,03325147;;;;;;;;;;;;;;;;
491,39;0,5380469;0,032390784;;;;;;;;;;;;;;;;
491,85;0,53967714;0,032817814;;;;;;;;;;;;;;;;
492,32;0,5439925;0,03292765;;;;;;;;;;;;;;;;
492,78;0,5443722;0,032999165;;;;;;;;;;;;;;;;
493,25;0,52256835;0,031884402;;;;;;;;;;;;;;;;
493,72;0,51979476;0,031070275;;;;;;;;;;;;;;;;
494,18;0,531047;0,032017194;;;;;;;;;;;;;;;;
494,65;0,5314055;0,03241365;;;;;;;;;;;;;;;;
495,11;0,5336291;0,032111306;;;;;;;;;;;;;;;;
495,58;0,5381021;0,032553982;;;;;;;;;;;;;;;;
496,05;0,532785;0,03261641;;;;;;;;;;;;;;;;
496,51;0,54600286;0,032809343;;;;;;;;;;;;;;;;
496,98;0,55266356;0,033536624;;;;;;;;;;;;;;;;
497,44;0,56057197;0,03417588;;;;;;;;;;;;;;;;
497,91;0,55014604;0,033735693;;;;;;;;;;;;;;;;
498,38;0,5574973;0,03429795;;;;;;;;;;;;;;;;
498,84;0,5722057;0,03474563;;;;;;;;;;;;;;;;
499,31;0,572714;0,034871865;;;;;;;;;;;;;;;;
499,78;0,57405055;0,035167772;;;;;;;;;;;;;;;;
500,24;0,58219326;0,035627056;;;;;;;;;;;;;;;;
500,71;0,57368535;0,03462968;;;;;;;;;;;;;;;;
501,17;0,5658448;0,034548856;;;;;;;;;;;;;;;;
501,64;0,5722347;0,03419992;;;;;;;;;;;;;;;;
502,11;0,5727176;0,034833975;;;;;;;;;;;;;;;;
502,57;0,56803536;0,03473086;;;;;;;;;;;;;;;;
503,04;0,5594937;0,033494696;;;;;;;;;;;;;;;;
503,51;0,55783534;0,033333506;;;;;;;;;;;;;;;;
503,97;0,56413376;0,034371898;;;;;;;;;;;;;;;;
504,44;0,5594068;0,034100212;;;;;;;;;;;;;;;;
504,91;0,5544871;0,03373611;;;;;;;;;;;;;;;;
505,37;0,5641247;0,033976957;;;;;;;;;;;;;;;;
505,84;0,55731785;0,03347489;;;;;;;;;;;;;;;;
506,31;0,5655369;0,034263548;;;;;;;;;;;;;;;;
506,77;0,56876296;0,03466874;;;;;;;;;;;;;;;;
507,24;0,56846654;0,034839686;;;;;;;;;;;;;;;;
507,71;0,5679484;0,034554448;;;;;;;;;;;;;;;;
508,18;0,5771922;0,034871265;;;;;;;;;;;;;;;;
508,64;0,57134116;0,034715053;;;;;;;;;;;;;;;;
509,11;0,5615209;0,03427426;;;;;;;;;;;;;;;;
509,58;0,55515736;0,033780187;;;;;;;;;;;;;;;;
510,04;0,55685043;0,033650875;;;;;;;;;;;;;;;;
510,51;0,5666098;0,034336515;;;;;;;;;;;;;;;;
510,98;0,56626266;0,034372855;;;;;;;;;;;;;;;;
511,45;0,5636599;0,034237925;;;;;;;;;;;;;;;;
511,91;0,5689486;0,034689967;;;;;;;;;;;;;;;;
512,38;0,5766736;0,035269663;;;;;;;;;;;;;;;;
512,85;0,57700235;0,03526804;;;;;;;;;;;;;;;;
513,31;0,5764989;0,034476027;;;;;;;;;;;;;;;;
513,78;0,5804835;0,03498802;;;;;;;;;;;;;;;;
514,25;0,58032256;0,035432912;;;;;;;;;;;;;;;;
514,72;0,58187616;0,035624187;;;;;;;;;;;;;;;;
515,18;0,5887176;0,036013126;;;;;;;;;;;;;;;;
515,65;0,598626;0,036680758;;;;;;;;;;;;;;;;
516,12;0,5853914;0,03572593;;;;;;;;;;;;;;;;
516,59;0,59405893;0,036131226;;;;;;;;;;;;;;;;
517,05;0,6054278;0,03707577;;;;;;;;;;;;;;;;
517,52;0,5844429;0,03557266;;;;;;;;;;;;;;;;
517,99;0,5579242;0,03387121;;;;;;;;;;;;;;;;
518,46;0,5484397;0,033265702;;;;;;;;;;;;;;;;
518,93;0,55760956;0,0339302;;;;;;;;;;;;;;;;
519,39;0,54773337;0,033271242;;;;;;;;;;;;;;;;
519,86;0,54786134;0,03352608;;;;;;;;;;;;;;;;
520,33;0,553628;0,034065116;;;;;;;;;;;;;;;;
520,8;0,56628984;0,034784056;;;;;;;;;;;;;;;;
521,27;0,5679533;0,03452642;;;;;;;;;;;;;;;;
521,73;0,5652323;0,034301218;;;;;;;;;;;;;;;;
522,2;0,57166445;0,034733035;;;;;;;;;;;;;;;;
522,67;0,5739432;0,035375472;;;;;;;;;;;;;;;;
523,14;0,56907004;0,034880575;;;;;;;;;;;;;;;;
523,61;0,5676865;0,034666695;;;;;;;;;;;;;;;;
524,07;0,56927747;0,034811843;;;;;;;;;;;;;;;;
524,54;0,57694334;0,03512538;;;;;;;;;;;;;;;;
525,01;0,5815345;0,035634406;;;;;;;;;;;;;;;;
525,48;0,59083587;0,03612089;;;;;;;;;;;;;;;;
525,95;0,59899986;0,036596626;;;;;;;;;;;;;;;;
526,42;0,5861682;0,036100052;;;;;;;;;;;;;;;;
526,88;0,5916338;0,036285244;;;;;;;;;;;;;;;;
527,35;0,58613276;0,035803076;;;;;;;;;;;;;;;;
527,82;0,5732235;0,035139836;;;;;;;;;;;;;;;;
528,29;0,56163853;0,03450352;;;;;;;;;;;;;;;;
528,76;0,5641107;0,034307264;;;;;;;;;;;;;;;;
529,23;0,5709447;0,03459004;;;;;;;;;;;;;;;;
529,7;0,5774705;0,035497956;;;;;;;;;;;;;;;;
530,16;0,5878746;0,03628292;;;;;;;;;;;;;;;;
530,63;0,58520275;0,03617792;;;;;;;;;;;;;;;;
531,1;0,59057385;0,03682688;;;;;;;;;;;;;;;;
531,57;0,59977096;0,037263807;;;;;;;;;;;;;;;;
532,04;0,60168064;0,037118595;;;;;;;;;;;;;;;;
532,51;0,5988356;0,037052542;;;;;;;;;;;;;;;;
532,98;0,6040887;0,03707234;;;;;;;;;;;;;;;;
533,45;0,5994438;0,03671065;;;;;;;;;;;;;;;;
533,92;0,5884323;0,03615465;;;;;;;;;;;;;;;;
534,38;0,5932011;0,036375612;;;;;;;;;;;;;;;;
534,85;0,5918285;0,036283735;;;;;;;;;;;;;;;;
535,32;0,59268504;0,036684524;;;;;;;;;;;;;;;;
535,79;0,5882327;0,03658767;;;;;;;;;;;;;;;;
536,26;0,5935246;0,03679669;;;;;;;;;;;;;;;;
536,73;0,6074221;0,03765643;;;;;;;;;;;;;;;;
537,2;0,6033118;0,03731872;;;;;;;;;;;;;;;;
537,67;0,59596103;0,036772292;;;;;;;;;;;;;;;;
538,14;0,60598147;0,037420735;;;;;;;;;;;;;;;;
538,61;0,5993666;0,037139457;;;;;;;;;;;;;;;;
539,08;0,61353767;0,037991818;;;;;;;;;;;;;;;;
539,55;0,6070755;0,03760917;;;;;;;;;;;;;;;;
540,02;0,60028493;0,036834333;;;;;;;;;;;;;;;;
540,49;0,61561745;0,03765842;;;;;;;;;;;;;;;;
540,96;0,6180269;0,037906516;;;;;;;;;;;;;;;;
541,43;0,6056445;0,03719375;;;;;;;;;;;;;;;;
541,89;0,59309494;0,036370613;;;;;;;;;;;;;;;;
542,36;0,6034407;0,03714017;;;;;;;;;;;;;;;;
542,83;0,6061809;0,037726317;;;;;;;;;;;;;;;;
543,3;0,60547984;0,037620466;;;;;;;;;;;;;;;;
543,77;0,60676974;0,0374688;;;;;;;;;;;;;;;;
544,24;0,6097393;0,037919365;;;;;;;;;;;;;;;;
544,71;0,60072815;0,037137363;;;;;;;;;;;;;;;;
545,18;0,6003125;0,03680179;;;;;;;;;;;;;;;;
545,65;0,62022805;0,03845188;;;;;;;;;;;;;;;;
546,12;0,6083479;0,037562586;;;;;;;;;;;;;;;;
546,59;0,6162571;0,038106374;;;;;;;;;;;;;;;;
547,06;0,6259718;0,038932446;;;;;;;;;;;;;;;;
547,53;0,61117005;0,037561916;;;;;;;;;;;;;;;;
548;0,621744;0,03858977;;;;;;;;;;;;;;;;
548,47;0,6170819;0,03842637;;;;;;;;;;;;;;;;
548,94;0,60815316;0,037571605;;;;;;;;;;;;;;;;
549,41;0,61545485;0,0380255;;;;;;;;;;;;;;;;
549,88;0,62188196;0,038645633;;;;;;;;;;;;;;;;
550,35;0,6277781;0,039099347;;;;;;;;;;;;;;;;
550,83;0,6265253;0,03863029;;;;;;;;;;;;;;;;
551,3;0,6277734;0,039228357;;;;;;;;;;;;;;;;
551,77;0,6285228;0,03915917;;;;;;;;;;;;;;;;
552,24;0,623569;0,038785968;;;;;;;;;;;;;;;;
552,71;0,6357018;0,03934678;;;;;;;;;;;;;;;;
553,18;0,6402829;0,039355565;;;;;;;;;;;;;;;;
553,65;0,62835866;0,039212283;;;;;;;;;;;;;;;;
554,12;0,6295689;0,039290063;;;;;;;;;;;;;;;;
554,59;0,6311172;0,039172973;;;;;;;;;;;;;;;;
555,06;0,6341814;0,03911785;;;;;;;;;;;;;;;;
555,53;0,6393804;0,0396185;;;;;;;;;;;;;;;;
556;0,64622515;0,040316503;;;;;;;;;;;;;;;;
556,47;0,6506596;0,040208533;;;;;;;;;;;;;;;;
556,94;0,65394354;0,040501863;;;;;;;;;;;;;;;;
557,41;0,64995897;0,04043617;;;;;;;;;;;;;;;;
557,89;0,64538157;0,040061012;;;;;;;;;;;;;;;;
558,36;0,6446107;0,039297115;;;;;;;;;;;;;;;;
558,83;0,6429889;0,03925674;;;;;;;;;;;;;;;;
559,3;0,6434224;0,040132374;;;;;;;;;;;;;;;;
559,77;0,63754225;0,0393956;;;;;;;;;;;;;;;;
560,24;0,63526005;0,03956387;;;;;;;;;;;;;;;;
560,71;0,6375285;0,039700218;;;;;;;;;;;;;;;;
561,18;0,6400109;0,039208107;;;;;;;;;;;;;;;;
561,65;0,6401474;0,03918663;;;;;;;;;;;;;;;;
562,13;0,6339135;0,03956926;;;;;;;;;;;;;;;;
562,6;0,6270583;0,03883844;;;;;;;;;;;;;;;;
563,07;0,64395624;0,04000932;;;;;;;;;;;;;;;;
563,54;0,63561505;0,039605424;;;;;;;;;;;;;;;;
564,01;0,63323283;0,039400402;;;;;;;;;;;;;;;;
564,48;0,647868;0,040557034;;;;;;;;;;;;;;;;
564,95;0,6384359;0,03961026;;;;;;;;;;;;;;;;
565,43;0,6453254;0,04000354;;;;;;;;;;;;;;;;
565,9;0,64115953;0,03954424;;;;;;;;;;;;;;;;
566,37;0,6497397;0,040241092;;;;;;;;;;;;;;;;
566,84;0,6481147;0,040312067;;;;;;;;;;;;;;;;
567,31;0,64457977;0,039954066;;;;;;;;;;;;;;;;
567,78;0,64251477;0,03999164;;;;;;;;;;;;;;;;
568,26;0,64055437;0,039704952;;;;;;;;;;;;;;;;
568,73;0,6600446;0,04067787;;;;;;;;;;;;;;;;
569,2;0,6602342;0,04095519;;;;;;;;;;;;;;;;
569,67;0,6572977;0,0408555;;;;;;;;;;;;;;;;
570,14;0,6567268;0,04065468;;;;;;;;;;;;;;;;
570,62;0,64966375;0,04039076;;;;;;;;;;;;;;;;
571,09;0,6500619;0,040630985;;;;;;;;;;;;;;;;
571,56;0,6460053;0,04022785;;;;;;;;;;;;;;;;
572,03;0,6348087;0,039173316;;;;;;;;;;;;;;;;
572,5;0,64563775;0,040003017;;;;;;;;;;;;;;;;
572,98;0,64264596;0,04008223;;;;;;;;;;;;;;;;
573,45;0,65066016;0,040316626;;;;;;;;;;;;;;;;
573,92;0,65203595;0,040512584;;;;;;;;;;;;;;;;
574,39;0,6515977;0,040802944;;;;;;;;;;;;;;;;
574,86;0,66752857;0,041503288;;;;;;;;;;;;;;;;
575,34;0,66297203;0,04138249;;;;;;;;;;;;;;;;
575,81;0,6690788;0,041828077;;;;;;;;;;;;;;;;
576,28;0,65859526;0,04098006;;;;;;;;;;;;;;;;
576,75;0,65676224;0,040688384;;;;;;;;;;;;;;;;
577,23;0,6619412;0,041155994;;;;;;;;;;;;;;;;
577,7;0,65320283;0,04033667;;;;;;;;;;;;;;;;
578,17;0,65551716;0,04029085;;;;;;;;;;;;;;;;
578,64;0,6619114;0,041082155;;;;;;;;;;;;;;;;
579,12;0,65465224;0,040761996;;;;;;;;;;;;;;;;
579,59;0,6446817;0,040190194;;;;;;;;;;;;;;;;
580,06;0,6545915;0,040690944;;;;;;;;;;;;;;;;
580,54;0,6532261;0,04064472;;;;;;;;;;;;;;;;
581,01;0,6437863;0,039865687;;;;;;;;;;;;;;;;
581,48;0,6450565;0,039825942;;;;;;;;;;;;;;;;
581,95;0,65245384;0,040504083;;;;;;;;;;;;;;;;
582,43;0,6512802;0,040464666;;;;;;;;;;;;;;;;
582,9;0,6546324;0,040317282;;;;;;;;;;;;;;;;
583,37;0,6557349;0,04052611;;;;;;;;;;;;;;;;
583,85;0,65666527;0,040548373;;;;;;;;;;;;;;;;
584,32;0,66975385;0,041388046;;;;;;;;;;;;;;;;
584,79;0,65793693;0,04094879;;;;;;;;;;;;;;;;
585,27;0,6670006;0,041363288;;;;;;;;;;;;;;;;
585,74;0,6717942;0,041737452;;;;;;;;;;;;;;;;
586,21;0,66861254;0,041502446;;;;;;;;;;;;;;;;
586,69;0,66628516;0,04130584;;;;;;;;;;;;;;;;
587,16;0,6679763;0,041485026;;;;;;;;;;;;;;;;
587,63;0,6809252;0,042418204;;;;;;;;;;;;;;;;
588,11;0,69115597;0,04283915;;;;;;;;;;;;;;;;
588,58;0,68299985;0,042627465;;;;;;;;;;;;;;;;
589,05;0,6868741;0,042995077;;;;;;;;;;;;;;;;
589,53;0,67855287;0,04210163;;;;;;;;;;;;;;;;
590;0,6702096;0,041067768;;;;;;;;;;;;;;;;
590,47;0,65274256;0,040160462;;;;;;;;;;;;;;;;
590,95;0,63771963;0,039454278;;;;;;;;;;;;;;;;
591,42;0,6435097;0,039668746;;;;;;;;;;;;;;;;
591,89;0,64883476;0,03997549;;;;;;;;;;;;;;;;
592,37;0,65886927;0,040885597;;;;;;;;;;;;;;;;
592,84;0,65864635;0,040637184;;;;;;;;;;;;;;;;
593,31;0,6624912;0,04091093;;;;;;;;;;;;;;;;
593,79;0,6642806;0,041174065;;;;;;;;;;;;;;;;
594,26;0,6586441;0,04063778;;;;;;;;;;;;;;;;
594,74;0,67267185;0,04183091;;;;;;;;;;;;;;;;
595,21;0,6653514;0,041477352;;;;;;;;;;;;;;;;
595,68;0,65731865;0,040709488;;;;;;;;;;;;;;;;
596,16;0,66344196;0,040993158;;;;;;;;;;;;;;;;
596,63;0,66579795;0,04110481;;;;;;;;;;;;;;;;
597,11;0,665829;0,041578382;;;;;;;;;;;;;;;;
597,58;0,6775897;0,04210243;;;;;;;;;;;;;;;;
598,06;0,6661855;0,041079238;;;;;;;;;;;;;;;;
598,53;0,67005223;0,0410186;;;;;;;;;;;;;;;;
599;0,6684649;0,04094926;;;;;;;;;;;;;;;;
599,48;0,67798084;0,042002976;;;;;;;;;;;;;;;;
599,95;0,6697711;0,04138985;;;;;;;;;;;;;;;;
600,43;0,67832416;0,04212637;;;;;;;;;;;;;;;;
600,9;0,6675737;0,041225154;;;;;;;;;;;;;;;;
601,38;0,6791912;0,041451555;;;;;;;;;;;;;;;;
601,85;0,67495626;0,041701928;;;;;;;;;;;;;;;;
602,32;0,65843165;0,040513348;;;;;;;;;;;;;;;;
602,8;0,66249406;0,04084514;;;;;;;;;;;;;;;;
603,27;0,6786965;0,041931707;;;;;;;;;;;;;;;;
603,75;0,6627202;0,04058571;;;;;;;;;;;;;;;;
604,22;0,67874223;0,041622564;;;;;;;;;;;;;;;;
604,7;0,67484176;0,041755978;;;;;;;;;;;;;;;;
605,17;0,66771126;0,041308116;;;;;;;;;;;;;;;;
605,65;0,6800121;0,04193234;;;;;;;;;;;;;;;;
606,12;0,680266;0,042034674;;;;;;;;;;;;;;;;
606,6;0,6766102;0,041102767;;;;;;;;;;;;;;;;
607,07;0,67882776;0,041420914;;;;;;;;;;;;;;;;
607,55;0,6862911;0,04261001;;;;;;;;;;;;;;;;
608,02;0,6888583;0,04257504;;;;;;;;;;;;;;;;
608,5;0,6902611;0,04222798;;;;;;;;;;;;;;;;
608,97;0,6915151;0,04266094;;;;;;;;;;;;;;;;
609,45;0,67737776;0,041690614;;;;;;;;;;;;;;;;
609,92;0,6960633;0,04221763;;;;;;;;;;;;;;;;
610,4;0,69331056;0,042502493;;;;;;;;;;;;;;;;
610,87;0,696142;0,042381227;;;;;;;;;;;;;;;;
611,35;0,68311375;0,04191588;;;;;;;;;;;;;;;;
611,82;0,68391097;0,04185722;;;;;;;;;;;;;;;;
612,3;0,6996536;0,042501237;;;;;;;;;;;;;;;;
612,77;0,70275646;0,042846512;;;;;;;;;;;;;;;;
613,25;0,6961017;0,04273019;;;;;;;;;;;;;;;;
613,73;0,6922049;0,04249396;;;;;;;;;;;;;;;;
614,2;0,69870585;0,04277425;;;;;;;;;;;;;;;;
614,68;0,7005403;0,042952344;;;;;;;;;;;;;;;;
615,15;0,69808745;0,042716336;;;;;;;;;;;;;;;;
615,63;0,70350754;0,04333333;;;;;;;;;;;;;;;;
616,1;0,7068956;0,04287488;;;;;;;;;;;;;;;;
616,58;0,6993422;0,042618606;;;;;;;;;;;;;;;;
617,06;0,6950784;0,04221161;;;;;;;;;;;;;;;;
617,53;0,6863438;0,041521206;;;;;;;;;;;;;;;;
618,01;0,70646495;0,04319489;;;;;;;;;;;;;;;;
618,48;0,6896204;0,04215305;;;;;;;;;;;;;;;;
618,96;0,68759567;0,041694853;;;;;;;;;;;;;;;;
619,43;0,7017157;0,0426945;;;;;;;;;;;;;;;;
619,91;0,7041415;0,042636614;;;;;;;;;;;;;;;;
620,39;0,70871645;0,043366443;;;;;;;;;;;;;;;;
620,86;0,7072566;0,04317743;;;;;;;;;;;;;;;;
621,34;0,7096578;0,04287893;;;;;;;;;;;;;;;;
621,82;0,72252417;0,043495923;;;;;;;;;;;;;;;;
622,29;0,7098721;0,043056395;;;;;;;;;;;;;;;;
622,77;0,71910226;0,04392486;;;;;;;;;;;;;;;;
623,24;0,7156505;0,043607917;;;;;;;;;;;;;;;;
623,72;0,72370505;0,04361884;;;;;;;;;;;;;;;;
624,2;0,72218406;0,04402688;;;;;;;;;;;;;;;;
624,67;0,7119889;0,04315027;;;;;;;;;;;;;;;;
625,15;0,7181386;0,04295625;;;;;;;;;;;;;;;;
625,63;0,7188967;0,043111015;;;;;;;;;;;;;;;;
626,1;0,71481633;0,043456115;;;;;;;;;;;;;;;;
626,58;0,713086;0,04281181;;;;;;;;;;;;;;;;
627,06;0,7233977;0,043497972;;;;;;;;;;;;;;;;
627,53;0,7081894;0,042739663;;;;;;;;;;;;;;;;
628,01;0,71923333;0,04353132;;;;;;;;;;;;;;;;
628,49;0,7196175;0,043461308;;;;;;;;;;;;;;;;
628,96;0,7170421;0,042942192;;;;;;;;;;;;;;;;
629,44;0,72812736;0,044136204;;;;;;;;;;;;;;;;
629,92;0,7145102;0,042908337;;;;;;;;;;;;;;;;
630,39;0,7022521;0,042038307;;;;;;;;;;;;;;;;
630,87;0,72019535;0,043306448;;;;;;;;;;;;;;;;
631,35;0,7132434;0,04265269;;;;;;;;;;;;;;;;
631,82;0,7197433;0,04273571;;;;;;;;;;;;;;;;
632,3;0,70950264;0,042039014;;;;;;;;;;;;;;;;
632,78;0,7121039;0,042408306;;;;;;;;;;;;;;;;
633,25;0,7271618;0,04335574;;;;;;;;;;;;;;;;
633,73;0,695583;0,041637555;;;;;;;;;;;;;;;;
634,21;0,7079896;0,04148606;;;;;;;;;;;;;;;;
634,69;0,7236091;0,04329623;;;;;;;;;;;;;;;;
635,16;0,70904016;0,04222586;;;;;;;;;;;;;;;;
635,64;0,71049786;0,04209654;;;;;;;;;;;;;;;;
636,12;0,71077365;0,04223573;;;;;;;;;;;;;;;;
636,6;0,7201335;0,042728916;;;;;;;;;;;;;;;;
637,07;0,7211654;0,042819228;;;;;;;;;;;;;;;;
637,55;0,712448;0,04205153;;;;;;;;;;;;;;;;
638,03;0,71200997;0,041960504;;;;;;;;;;;;;;;;
638,51;0,7160869;0,043045674;;;;;;;;;;;;;;;;
638,98;0,7204868;0,04223894;;;;;;;;;;;;;;;;
639,46;0,73324883;0,043695476;;;;;;;;;;;;;;;;
639,94;0,72918534;0,043353245;;;;;;;;;;;;;;;;
640,42;0,7281003;0,043517753;;;;;;;;;;;;;;;;
640,89;0,7346037;0,043551967;;;;;;;;;;;;;;;;
641,37;0,7170309;0,042119727;;;;;;;;;;;;;;;;
641,85;0,7326122;0,04307686;;;;;;;;;;;;;;;;
642,33;0,71379083;0,04269552;;;;;;;;;;;;;;;;
642,8;0,71981305;0,042373586;;;;;;;;;;;;;;;;
643,28;0,73571247;0,04326462;;;;;;;;;;;;;;;;
643,76;0,7266162;0,04262504;;;;;;;;;;;;;;;;
644,24;0,73244816;0,04328851;;;;;;;;;;;;;;;;
644,72;0,7312;0,043279182;;;;;;;;;;;;;;;;
645,19;0,7360664;0,043486163;;;;;;;;;;;;;;;;
645,67;0,7409955;0,0437105;;;;;;;;;;;;;;;;
646,15;0,74307364;0,044226002;;;;;;;;;;;;;;;;
646,63;0,7379479;0,043533932;;;;;;;;;;;;;;;;
647,11;0,743496;0,044442523;;;;;;;;;;;;;;;;
647,59;0,73778015;0,043197565;;;;;;;;;;;;;;;;
648,06;0,7363307;0,043170657;;;;;;;;;;;;;;;;
648,54;0,7429469;0,043113463;;;;;;;;;;;;;;;;
649,02;0,738288;0,043018445;;;;;;;;;;;;;;;;
649,5;0,73049736;0,04278547;;;;;;;;;;;;;;;;
649,98;0,72822595;0,04288818;;;;;;;;;;;;;;;;
650,46;0,7377398;0,043440748;;;;;;;;;;;;;;;;
650,93;0,7278823;0,042414363;;;;;;;;;;;;;;;;
651,41;0,7194259;0,041911185;;;;;;;;;;;;;;;;
651,89;0,712378;0,041689996;;;;;;;;;;;;;;;;
652,37;0,731156;0,042675275;;;;;;;;;;;;;;;;
652,85;0,7325538;0,043156013;;;;;;;;;;;;;;;;
653,33;0,7324936;0,043068197;;;;;;;;;;;;;;;;
653,81;0,7368841;0,0431618;;;;;;;;;;;;;;;;
654,29;0,7498259;0,04374047;;;;;;;;;;;;;;;;
654,76;0,76892525;0,045184;;;;;;;;;;;;;;;;
655,24;0,7529696;0,043887235;;;;;;;;;;;;;;;;
655,72;0,79098684;0,046493877;;;;;;;;;;;;;;;;
656,2;0,76138866;0,04460066;;;;;;;;;;;;;;;;
656,68;0,7411543;0,043436803;;;;;;;;;;;;;;;;
657,16;0,7274395;0,042115632;;;;;;;;;;;;;;;;
657,64;0,6966834;0,04052959;;;;;;;;;;;;;;;;
658,12;0,693954;0,040589698;;;;;;;;;;;;;;;;
658,6;0,6986324;0,040839724;;;;;;;;;;;;;;;;
659,08;0,6978155;0,040650513;;;;;;;;;;;;;;;;
659,56;0,7177981;0,041453995;;;;;;;;;;;;;;;;
660,04;0,71855277;0,041311968;;;;;;;;;;;;;;;;
660,51;0,7225445;0,042173278;;;;;;;;;;;;;;;;
660,99;0,73023134;0,042658117;;;;;;;;;;;;;;;;
661,47;0,734787;0,042587794;;;;;;;;;;;;;;;;
661,95;0,7338963;0,04246371;;;;;;;;;;;;;;;;
662,43;0,73917085;0,043213427;;;;;;;;;;;;;;;;
662,91;0,74230504;0,042794526;;;;;;;;;;;;;;;;
663,39;0,7426688;0,04315046;;;;;;;;;;;;;;;;
663,87;0,74284124;0,043042894;;;;;;;;;;;;;;;;
664,35;0,7402629;0,043578885;;;;;;;;;;;;;;;;
664,83;0,74487764;0,04365417;;;;;;;;;;;;;;;;
665,31;0,73586094;0,04313856;;;;;;;;;;;;;;;;
665,79;0,74857247;0,043486346;;;;;;;;;;;;;;;;
666,27;0,74885064;0,043637957;;;;;;;;;;;;;;;;
666,75;0,7425554;0,043276057;;;;;;;;;;;;;;;;
667,23;0,74709904;0,043693636;;;;;;;;;;;;;;;;
667,71;0,74739593;0,043678757;;;;;;;;;;;;;;;;
668,19;0,7440245;0,043331403;;;;;;;;;;;;;;;;
668,67;0,7543035;0,04353876;;;;;;;;;;;;;;;;
669,15;0,7493141;0,0438025;;;;;;;;;;;;;;;;
669,63;0,76363134;0,044668566;;;;;;;;;;;;;;;;
670,11;0,7640425;0,04453502;;;;;;;;;;;;;;;;
670,59;0,7544263;0,04331118;;;;;;;;;;;;;;;;
671,07;0,75430053;0,04383195;;;;;;;;;;;;;;;;
671,55;0,7544144;0,04397681;;;;;;;;;;;;;;;;
672,03;0,7625896;0,043944795;;;;;;;;;;;;;;;;
672,51;0,74244595;0,04270835;;;;;;;;;;;;;;;;
672,99;0,75503296;0,0434736;;;;;;;;;;;;;;;;
673,47;0,7502253;0,043446552;;;;;;;;;;;;;;;;
673,95;0,75412524;0,043742493;;;;;;;;;;;;;;;;
674,43;0,75559676;0,043360982;;;;;;;;;;;;;;;;
674,91;0,7594846;0,04417107;;;;;;;;;;;;;;;;
675,39;0,7672919;0,044590965;;;;;;;;;;;;;;;;
675,88;0,755288;0,04334517;;;;;;;;;;;;;;;;
676,36;0,7523157;0,043514986;;;;;;;;;;;;;;;;
676,84;0,7593622;0,04394801;;;;;;;;;;;;;;;;
677,32;0,7630904;0,044346716;;;;;;;;;;;;;;;;
677,8;0,7605478;0,044210438;;;;;;;;;;;;;;;;
678,28;0,7529583;0,043365084;;;;;;;;;;;;;;;;
678,76;0,76650906;0,04453554;;;;;;;;;;;;;;;;
679,24;0,76822394;0,04497101;;;;;;;;;;;;;;;;
679,72;0,7636841;0,04403627;;;;;;;;;;;;;;;;
680,2;0,75909024;0,044022366;;;;;;;;;;;;;;;;
680,68;0,7594392;0,044186454;;;;;;;;;;;;;;;;
681,16;0,76116633;0,04428347;;;;;;;;;;;;;;;;
681,65;0,7642471;0,043983933;;;;;;;;;;;;;;;;
682,13;0,7649472;0,04425104;;;;;;;;;;;;;;;;
682,61;0,76493496;0,044220034;;;;;;;;;;;;;;;;
683,09;0,7617733;0,04401633;;;;;;;;;;;;;;;;
683,57;0,7690715;0,044335715;;;;;;;;;;;;;;;;
684,05;0,7663576;0,044391926;;;;;;;;;;;;;;;;
684,53;0,77397007;0,04466211;;;;;;;;;;;;;;;;
685,02;0,7927578;0,04551366;;;;;;;;;;;;;;;;
685,5;0,7936775;0,045982514;;;;;;;;;;;;;;;;
685,98;0,8234411;0,047768038;;;;;;;;;;;;;;;;
686,46;0,84178096;0,04828085;;;;;;;;;;;;;;;;
686,94;0,8428503;0,048491374;;;;;;;;;;;;;;;;
687,42;0,83634746;0,04863466;;;;;;;;;;;;;;;;
687,9;0,8149293;0,04699668;;;;;;;;;;;;;;;;
688,39;0,7887279;0,045523226;;;;;;;;;;;;;;;;
688,87;0,75613564;0,044056553;;;;;;;;;;;;;;;;
689,35;0,73272634;0,041952405;;;;;;;;;;;;;;;;
689,83;0,7302318;0,04218338;;;;;;;;;;;;;;;;
690,31;0,73379815;0,04233246;;;;;;;;;;;;;;;;
690,8;0,7375425;0,042717297;;;;;;;;;;;;;;;;
691,28;0,7473015;0,043455154;;;;;;;;;;;;;;;;
691,76;0,7459799;0,042542398;;;;;;;;;;;;;;;;
692,24;0,7556016;0,043345973;;;;;;;;;;;;;;;;
692,72;0,7622781;0,04422278;;;;;;;;;;;;;;;;
693,21;0,76155347;0,044003475;;;;;;;;;;;;;;;;
693,69;0,7665623;0,04390363;;;;;;;;;;;;;;;;
694,17;0,77060103;0,044198234;;;;;;;;;;;;;;;;
694,65;0,76404047;0,043604344;;;;;;;;;;;;;;;;
695,13;0,7555699;0,043436803;;;;;;;;;;;;;;;;
695,62;0,75637144;0,043990485;;;;;;;;;;;;;;;;
696,1;0,7481209;0,04380974;;;;;;;;;;;;;;;;
696,58;0,74761045;0,042876836;;;;;;;;;;;;;;;;
697,06;0,75251937;0,04252714;;;;;;;;;;;;;;;;
697,55;0,7620773;0,043934286;;;;;;;;;;;;;;;;
698,03;0,7765744;0,045008082;;;;;;;;;;;;;;;;
698,51;0,7830425;0,045073956;;;;;;;;;;;;;;;;
698,99;0,7763569;0,044584874;;;;;;;;;;;;;;;;
699,48;0,78026164;0,045180876;;;;;;;;;;;;;;;;
699,96;0,7919829;0,045912627;;;;;;;;;;;;;;;;
700,44;0,7783711;0,04515312;;;;;;;;;;;;;;;;
700,92;0,7738199;0,044785205;;;;;;;;;;;;;;;;
701,41;0,7726034;0,04482855;;;;;;;;;;;;;;;;
701,89;0,7752586;0,04487213;;;;;;;;;;;;;;;;
702,37;0,7757433;0,044173326;;;;;;;;;;;;;;;;
702,86;0,76245135;0,043530226;;;;;;;;;;;;;;;;
703,34;0,7615255;0,04418168;;;;;;;;;;;;;;;;
703,82;0,7596253;0,044301447;;;;;;;;;;;;;;;;
704,3;0,7545481;0,043403056;;;;;;;;;;;;;;;;
704,79;0,7685615;0,045047723;;;;;;;;;;;;;;;;
705,27;0,7697779;0,04529069;;;;;;;;;;;;;;;;
705,75;0,7711198;0,04387355;;;;;;;;;;;;;;;;
706,24;0,76487964;0,044456698;;;;;;;;;;;;;;;;
706,72;0,7685083;0,04457334;;;;;;;;;;;;;;;;
707,2;0,7730065;0,044629253;;;;;;;;;;;;;;;;
707,69;0,7766965;0,044736806;;;;;;;;;;;;;;;;
708,17;0,7745597;0,04427605;;;;;;;;;;;;;;;;
708,65;0,7564569;0,04337264;;;;;;;;;;;;;;;;
709,14;0,76695305;0,044269044;;;;;;;;;;;;;;;;
709,62;0,77826977;0,044791467;;;;;;;;;;;;;;;;
710,1;0,7750011;0,044679403;;;;;;;;;;;;;;;;
710,59;0,7686281;0,044240914;;;;;;;;;;;;;;;;
711,07;0,7690453;0,0448478;;;;;;;;;;;;;;;;
711,56;0,7784376;0,044781577;;;;;;;;;;;;;;;;
712,04;0,7751747;0,04481909;;;;;;;;;;;;;;;;
712,52;0,76991653;0,045058917;;;;;;;;;;;;;;;;
713,01;0,7782976;0,045134984;;;;;;;;;;;;;;;;
713,49;0,78251135;0,04483939;;;;;;;;;;;;;;;;
713,97;0,7865421;0,04546492;;;;;;;;;;;;;;;;
714,46;0,79135484;0,045876205;;;;;;;;;;;;;;;;
714,94;0,80347633;0,046514515;;;;;;;;;;;;;;;;
715,43;0,80935854;0,047238804;;;;;;;;;;;;;;;;
715,91;0,83620363;0,04867552;;;;;;;;;;;;;;;;
716,39;0,849425;0,049822792;;;;;;;;;;;;;;;;
716,88;0,85895795;0,049824517;;;;;;;;;;;;;;;;
717,36;0,8704353;0,049851317;;;;;;;;;;;;;;;;
717,85;0,88864017;0,051752005;;;;;;;;;;;;;;;;
718,33;0,86264914;0,050914932;;;;;;;;;;;;;;;;
718,81;0,83325523;0,048299354;;;;;;;;;;;;;;;;
719,3;0,8040506;0,04622983;;;;;;;;;;;;;;;;
719,78;0,76035595;0,04484007;;;;;;;;;;;;;;;;
720,27;0,74113667;0,043302737;;;;;;;;;;;;;;;;
720,75;0,7050271;0,04071602;;;;;;;;;;;;;;;;
721,24;0,6954057;0,040840253;;;;;;;;;;;;;;;;
721,72;0,6972583;0,040907245;;;;;;;;;;;;;;;;
722,21;0,70935637;0,042137586;;;;;;;;;;;;;;;;
722,69;0,7458502;0,043457545;;;;;;;;;;;;;;;;
723,17;0,791945;0,0462516;;;;;;;;;;;;;;;;
723,66;0,81772435;0,04783697;;;;;;;;;;;;;;;;
724,14;0,81826514;0,048410777;;;;;;;;;;;;;;;;
724,63;0,8290623;0,048502617;;;;;;;;;;;;;;;;
725,11;0,8166594;0,047432706;;;;;;;;;;;;;;;;
725,6;0,79243666;0,04653241;;;;;;;;;;;;;;;;
726,08;0,7716302;0,045671493;;;;;;;;;;;;;;;;
726,57;0,7719127;0,045335118;;;;;;;;;;;;;;;;
727,05;0,77571255;0,045666073;;;;;;;;;;;;;;;;
727,54;0,7643954;0,044266656;;;;;;;;;;;;;;;;
728,02;0,76665974;0,045063917;;;;;;;;;;;;;;;;
728,51;0,7794023;0,04539124;;;;;;;;;;;;;;;;
728,99;0,7751112;0,044652604;;;;;;;;;;;;;;;;
729,48;0,7775838;0,04590549;;;;;;;;;;;;;;;;
729,96;0,7558831;0,04444367;;;;;;;;;;;;;;;;
730,45;0,7664155;0,04425759;;;;;;;;;;;;;;;;
730,93;0,7722942;0,044849083;;;;;;;;;;;;;;;;
731,42;0,743029;0,044610698;;;;;;;;;;;;;;;;
731,91;0,7495572;0,044071;;;;;;;;;;;;;;;;
732,39;0,73978776;0,04365681;;;;;;;;;;;;;;;;
732,88;0,72055405;0,042788498;;;;;;;;;;;;;;;;
733,36;0,7380993;0,04447867;;;;;;;;;;;;;;;;
733,85;0,7347257;0,04307857;;;;;;;;;;;;;;;;
734,33;0,7577661;0,043776255;;;;;;;;;;;;;;;;
734,82;0,76693684;0,045569897;;;;;;;;;;;;;;;;
735,3;0,76804465;0,044826902;;;;;;;;;;;;;;;;
735,79;0,78315926;0,046017874;;;;;;;;;;;;;;;;
736,28;0,79050815;0,046362203;;;;;;;;;;;;;;;;
736,76;0,78916854;0,045217842;;;;;;;;;;;;;;;;
737,25;0,78827035;0,046468426;;;;;;;;;;;;;;;;
737,73;0,7817403;0,045743667;;;;;;;;;;;;;;;;
738,22;0,7909118;0,04661561;;;;;;;;;;;;;;;;
738,7;0,78536206;0,04608401;;;;;;;;;;;;;;;;
739,19;0,78053653;0,045403745;;;;;;;;;;;;;;;;
739,68;0,78367513;0,045695577;;;;;;;;;;;;;;;;
740,16;0,77697253;0,046641123;;;;;;;;;;;;;;;;
740,65;0,7878154;0,046326805;;;;;;;;;;;;;;;;
741,14;0,791077;0,045723476;;;;;;;;;;;;;;;;
741,62;0,790626;0,046262015;;;;;;;;;;;;;;;;
742,11;0,783978;0,046097264;;;;;;;;;;;;;;;;
742,59;0,7855967;0,046570495;;;;;;;;;;;;;;;;
743,08;0,7803313;0,0469129;;;;;;;;;;;;;;;;
743,57;0,7895327;0,047086623;;;;;;;;;;;;;;;;
744,05;0,78923386;0,047716662;;;;;;;;;;;;;;;;
744,54;0,7945085;0,04688779;;;;;;;;;;;;;;;;
745,03;0,78984076;0,047214955;;;;;;;;;;;;;;;;
745,51;0,7964023;0,0469042;;;;;;;;;;;;;;;;
746;0,8020487;0,04684307;;;;;;;;;;;;;;;;
746,49;0,7897554;0,046777364;;;;;;;;;;;;;;;;
746,97;0,79463154;0,04647795;;;;;;;;;;;;;;;;
747,46;0,8054297;0,046946622;;;;;;;;;;;;;;;;
747,95;0,8253612;0,04832773;;;;;;;;;;;;;;;;
748,43;0,80544263;0,047856133;;;;;;;;;;;;;;;;
748,92;0,80707085;0,048249733;;;;;;;;;;;;;;;;
749,41;0,815191;0,048272274;;;;;;;;;;;;;;;;
749,89;0,8078324;0,048291963;;;;;;;;;;;;;;;;
750,38;0,81745183;0,047627077;;;;;;;;;;;;;;;;
750,87;0,80916876;0,048193093;;;;;;;;;;;;;;;;
751,35;0,8081699;0,047955163;;;;;;;;;;;;;;;;
751,84;0,82165384;0,048499223;;;;;;;;;;;;;;;;
752,33;0,8155191;0,048122328;;;;;;;;;;;;;;;;
752,82;0,8018221;0,04801428;;;;;;;;;;;;;;;;
753,3;0,8147955;0,047218088;;;;;;;;;;;;;;;;
753,79;0,81584734;0,047709502;;;;;;;;;;;;;;;;
754,28;0,81559753;0,048915334;;;;;;;;;;;;;;;;
754,76;0,82656354;0,049099643;;;;;;;;;;;;;;;;
755,25;0,82585776;0,048288047;;;;;;;;;;;;;;;;
755,74;0,81670105;0,04893903;;;;;;;;;;;;;;;;
756,23;0,82380855;0,04986782;;;;;;;;;;;;;;;;
756,71;0,83764637;0,050031465;;;;;;;;;;;;;;;;
757,2;0,83654076;0,04935573;;;;;;;;;;;;;;;;
757,69;0,8577083;0,049915623;;;;;;;;;;;;;;;;
758,18;0,90278643;0,051489998;;;;;;;;;;;;;;;;
758,66;0,985799;0,05734835;;;;;;;;;;;;;;;;
;;;;;;;;;;;;;;;;;;
;;;;;;;;;;;;;;;;;;
;;;;;;;;;;;;;;;;;;
;;;;;;;;;;;;;;;;;;
;;;;;;;;;;;;;;;;;;
;;;;;;;;;;;;;;;;;;
762,08;0,8778948;0,054204173;;;;;;;;;;;;;;;;
762,57;0,7075629;0,044470645;;;;;;;;;;;;;;;;
763,06;0,6428881;0,041158944;;;;;;;;;;;;;;;;
763,54;0,6707292;0,04235684;;;;;;;;;;;;;;;;
764,03;0,69341785;0,04188157;;;;;;;;;;;;;;;;
764,52;0,6911339;0,04250123;;;;;;;;;;;;;;;;
765,01;0,63688713;0,038533073;;;;;;;;;;;;;;;;
765,5;0,6327823;0,038824793;;;;;;;;;;;;;;;;
765,98;0,61596626;0,03692268;;;;;;;;;;;;;;;;
766,47;0,64064;0,039290708;;;;;;;;;;;;;;;;
766,96;0,6526141;0,04095661;;;;;;;;;;;;;;;;
767,45;0,6636788;0,040351268;;;;;;;;;;;;;;;;
767,94;0,7013814;0,042451717;;;;;;;;;;;;;;;;
768,43;0,7206949;0,043043442;;;;;;;;;;;;;;;;
768,92;0,7432456;0,04215272;;;;;;;;;;;;;;;;
769,4;0,7748121;0,0465454;;;;;;;;;;;;;;;;
769,89;0,7980957;0,047729984;;;;;;;;;;;;;;;;
770,38;0,80261153;0,04842654;;;;;;;;;;;;;;;;
770,87;0,81245244;0,049062088;;;;;;;;;;;;;;;;
771,36;0,8356254;0,049329128;;;;;;;;;;;;;;;;
771,85;0,838041;0,051737286;;;;;;;;;;;;;;;;
772,34;0,8463715;0,05109345;;;;;;;;;;;;;;;;
772,83;0,860641;0,05199435;;;;;;;;;;;;;;;;
773,31;0,84576184;0,04967877;;;;;;;;;;;;;;;;
773,8;0,8475604;0,050181895;;;;;;;;;;;;;;;;
774,29;0,86440754;0,05083251;;;;;;;;;;;;;;;;
774,78;0,851391;0,051737625;;;;;;;;;;;;;;;;
775,27;0,85010487;0,05124002;;;;;;;;;;;;;;;;
775,76;0,85356104;0,051248975;;;;;;;;;;;;;;;;
776,25;0,8695562;0,05273913;;;;;;;;;;;;;;;;
776,74;0,8466773;0,04855133;;;;;;;;;;;;;;;;
777,23;0,8611431;0,050537236;;;;;;;;;;;;;;;;
777,72;0,8535824;0,05141758;;;;;;;;;;;;;;;;
778,21;0,8550879;0,051965773;;;;;;;;;;;;;;;;
778,69;0,85120213;0,048376653;;;;;;;;;;;;;;;;
779,18;0,8668176;0,05248172;;;;;;;;;;;;;;;;
779,67;0,86703676;0,052786265;;;;;;;;;;;;;;;;
780,16;0,8622775;0,051412694;;;;;;;;;;;;;;;;
780,65;0,86397463;0,05217828;;;;;;;;;;;;;;;;
781,14;0,8730343;0,052709013;;;;;;;;;;;;;;;;
781,63;0,86699617;0,051605027;;;;;;;;;;;;;;;;
782,12;0,8796281;0,053548977;;;;;;;;;;;;;;;;
782,61;0,86261386;0,05350195;;;;;;;;;;;;;;;;
783,1;0,8686885;0,05238689;;;;;;;;;;;;;;;;
783,59;0,8877273;0,053323776;;;;;;;;;;;;;;;;
784,08;0,8687326;0,053331967;;;;;;;;;;;;;;;;
784,57;0,8895896;0,05423552;;;;;;;;;;;;;;;;
785,06;0,8899474;0,053604502;;;;;;;;;;;;;;;;
785,55;0,88865477;0,054363873;;;;;;;;;;;;;;;;
786,04;0,8787302;0,052492637;;;;;;;;;;;;;;;;
786,53;0,89006007;0,053126816;;;;;;;;;;;;;;;;
787,02;0,8916197;0,05379692;;;;;;;;;;;;;;;;
787,51;0,89325;0,053422906;;;;;;;;;;;;;;;;
788;0,9014337;0,055373795;;;;;;;;;;;;;;;;
788,49;0,89255637;0,05439427;;;;;;;;;;;;;;;;
788,98;0,90416276;0,053941485;;;;;;;;;;;;;;;;
789,47;0,8939817;0,054244053;;;;;;;;;;;;;;;;
789,96;0,9099594;0,05517549;;;;;;;;;;;;;;;;
790,45;0,896732;0,05479907;;;;;;;;;;;;;;;;
790,94;0,896035;0,054654427;;;;;;;;;;;;;;;;
791,43;0,89095646;0,053268235;;;;;;;;;;;;;;;;
791,92;0,8941668;0,0540261;;;;;;;;;;;;;;;;
792,41;0,8937046;0,053722598;;;;;;;;;;;;;;;;
792,91;0,9082876;0,05653251;;;;;;;;;;;;;;;;
793,4;0,89445186;0,054797497;;;;;;;;;;;;;;;;
793,89;0,8927629;0,054256145;;;;;;;;;;;;;;;;
794,38;0,8949237;0,05452319;;;;;;;;;;;;;;;;
794,87;0,88879246;0,055081744;;;;;;;;;;;;;;;;
795,36;0,8878355;0,054024637;;;;;;;;;;;;;;;;
795,85;0,88947374;0,052121315;;;;;;;;;;;;;;;;
796,34;0,87093437;0,051986795;;;;;;;;;;;;;;;;
796,83;0,8852777;0,053741515;;;;;;;;;;;;;;;;
797,32;0,88099235;0,053204373;;;;;;;;;;;;;;;;
797,81;0,8905645;0,05363033;;;;;;;;;;;;;;;;
798,3;0,88856876;0,051677734;;;;;;;;;;;;;;;;
798,8;0,88545895;0,05309006;;;;;;;;;;;;;;;;
799,29;0,89472675;0,055213936;;;;;;;;;;;;;;;;
799,78;0,901155;0,054255154;;;;;;;;;;;;;;;;
800,27;0,90515214;0,05521491;;;;;;;;;;;;;;;;
800,76;0,9094014;0,05573693;;;;;;;;;;;;;;;;
801,25;0,9085007;0,055608783;;;;;;;;;;;;;;;;
801,74;0,899494;0,055038646;;;;;;;;;;;;;;;;
802,24;0,90101707;0,054069266;;;;;;;;;;;;;;;;
802,73;0,90376306;0,053544477;;;;;;;;;;;;;;;;
803,22;0,9017774;0,05573598;;;;;;;;;;;;;;;;
803,71;0,90371627;0,056401785;;;;;;;;;;;;;;;;
804,2;0,90245044;0,05594078;;;;;;;;;;;;;;;;
804,69;0,8967449;0,055592407;;;;;;;;;;;;;;;;
805,18;0,89882094;0,054193337;;;;;;;;;;;;;;;;
805,68;0,9021077;0,05589741;;;;;;;;;;;;;;;;
806,17;0,9022352;0,055976182;;;;;;;;;;;;;;;;
806,66;0,9058061;0,057357475;;;;;;;;;;;;;;;;
807,15;0,9077798;0,05662818;;;;;;;;;;;;;;;;
807,64;0,9204722;0,056870632;;;;;;;;;;;;;;;;
808,14;0,92122734;0,056136865;;;;;;;;;;;;;;;;
808,63;0,9315559;0,05760087;;;;;;;;;;;;;;;;
809,12;0,93419397;0,057703126;;;;;;;;;;;;;;;;
809,61;0,9430517;0,057335384;;;;;;;;;;;;;;;;
810,1;0,94624543;0,059196282;;;;;;;;;;;;;;;;
810,6;0,94648993;0,059534192;;;;;;;;;;;;;;;;
811,09;0,9599716;0,059794314;;;;;;;;;;;;;;;;
811,58;0,95589036;0,060629375;;;;;;;;;;;;;;;;
812,07;0,9619672;0,061515663;;;;;;;;;;;;;;;;
812,56;0,9752355;0,060175095;;;;;;;;;;;;;;;;
813,06;0,98660934;0,060321987;;;;;;;;;;;;;;;;
;;;;;;;;;;;;;;;;;;
;;;;;;;;;;;;;;;;;;
;;;;;;;;;;;;;;;;;;
;;;;;;;;;;;;;;;;;;
;;;;;;;;;;;;;;;;;;
816,01;0,9766995;0,057474963;;;;;;;;;;;;;;;;
816,5;0,94981927;0,058141977;;;;;;;;;;;;;;;;
817;0,9454114;0,060570944;;;;;;;;;;;;;;;;
817,49;0,9290321;0,05855683;;;;;;;;;;;;;;;;
817,98;0,90915364;0,05404323;;;;;;;;;;;;;;;;
818,48;0,89799243;0,055188667;;;;;;;;;;;;;;;;
818,97;0,8679778;0,05316625;;;;;;;;;;;;;;;;
819,46;0,8699557;0,053946722;;;;;;;;;;;;;;;;
819,95;0,8761559;0,0555746;;;;;;;;;;;;;;;;
820,45;0,8460848;0,05334888;;;;;;;;;;;;;;;;
820,94;0,86006415;0,053989224;;;;;;;;;;;;;;;;
